r_type,t_type,eta_mean,gamma_mean,perc_recomm_found_mean,eta_obs_mean,eta_obs_individualized_mean,eta_obs_refits_batch0_mean_mean,gamma_obs_mean,intv-cost_mean,eta_std,gamma_std,perc_recomm_found_std,eta_obs_std,eta_obs_individualized_std,eta_obs_refits_batch0_mean_std,gamma_obs_std,intv-cost_std
individualized,acceptance,0.85,0.85,1.0,1.0,,0.684799998998642,0.2344999983906746,2.2020500000000003,0.0,0.0,0.0,0.0,,0.11145880578313884,0.02938726368589238,0.10811682210563829
individualized,counterfactual,0.85,0.85,1.0,0.9945,,0.6525999963283539,0.15499999970197678,2.32225,0.0,0.0,0.0,0.00497214463005877,,0.12248374291523047,0.01615893179244491,0.15538773189097715
individualized,improvement,0.85,0.85,1.0,0.9789999999999999,0.9055,0.9776000082492828,0.8590000092983245,2.44965,0.0,0.0,0.0,0.008755950357709139,0.023148074073955575,0.008235460503781444,0.018973657988738766,0.11120777600709603
subpopulation,acceptance,0.85,0.85,1.0,0.9935,,0.6553000003099442,0.1665000021457672,2.31365,0.0,0.0,0.0,0.009143911149563477,,0.12707746154400998,0.0223668905707704,0.1083556515472184
subpopulation,improvement,0.85,0.85,1.0,0.9469999999999998,,0.9390999913215637,0.8215000033378601,3.28675,0.0,0.0,0.0,0.019032136564826902,,0.019421922784419274,0.028092119442351952,0.11286157942856884
