r_type,t_type,eta_mean,gamma_mean,perc_recomm_found_mean,eta_obs_mean,eta_obs_individualized_mean,eta_obs_refits_batch0_mean_mean,gamma_obs_mean,intv-cost_mean,eta_std,gamma_std,perc_recomm_found_std,eta_obs_std,eta_obs_individualized_std,eta_obs_refits_batch0_mean_std,gamma_obs_std,intv-cost_std
individualized,acceptance,0.9,0.9,1.0,1.0,,0.6056666666666667,0.0016666666666666668,0.10411633333333332,0.0,0.0,0.0,0.0,,0.05396603870336732,0.002886751345948129,0.006791681609390509
individualized,counterfactual,0.9,0.9,1.0,1.0,,0.5936666666666667,0.0016666666666666668,0.09992933333333333,0.0,0.0,0.0,0.0,,0.041052811515575105,0.002886751345948129,0.0041955727062384825
individualized,improvement,0.9,0.9,1.0,0.9566666666666666,0.9566666666666666,0.956,0.9566666666666666,10.258333333333335,0.0,0.0,0.0,0.020207259421636918,0.020207259421636918,0.020808652046684892,0.020207259421636918,0.20052015692526537
subpopulation,acceptance,0.9,0.9,1.0,1.0,,0.5963333333333333,0.0016666666666666668,0.104807,0.0,0.0,0.0,0.0,,0.045390894828515285,0.002886751345948129,0.006054110339265375
subpopulation,improvement,0.9,0.9,1.0,0.96,,0.9593333333333334,0.96,10.65,0.0,0.0,0.0,0.015000000000000013,,0.015044378795195691,0.015000000000000013,0.6905613658466571
