r_type,t_type,years_experience_mean,degree_mean,nr_commits_mean,nr_languages_mean,nr_stars_mean,causes_mean,non-causes_mean,years_experience_std,degree_std,nr_commits_std,nr_languages_std,nr_stars_std,causes_std,non-causes_std
individualized,acceptance,0.0,0.0,1024.5186683417085,0.0,0.0166750418760469,0.0,1024.5353433835846,0.0,0.0,73.22968276925528,0.0,0.012571412467874148,0.0,73.22347068322051
individualized,counterfactual,0.0,0.0,989.2933333333334,0.0,0.01,0.0,989.3033333333333,0.0,0.0,33.329161905654466,0.0,0.008660254037844387,0.0,33.33777974510792
individualized,improvement,0.6733333333333333,1.3783333333333332,,,,2.0516666666666663,0.0,0.10054020754570452,0.11557825631723871,,,,0.040104031385053265,0.0
subpopulation,acceptance,0.0,0.0,1026.2366666666667,0.0016666666666666668,0.021666666666666667,0.0,1026.26,0.0,0.0,52.859422370409355,0.002886751345948129,0.01755942292142123,0.0,52.8643090846745
subpopulation,improvement,0.7266666666666666,1.4033333333333333,,,,2.1300000000000003,0.0,0.020207259421636918,0.15502687938977983,,,,0.13811227316933142,0.0
