r_type,t_type,eta_mean,gamma_mean,perc_recomm_found_mean,eta_obs_mean,eta_obs_individualized_mean,eta_obs_refits_batch0_mean_mean,gamma_obs_mean,intv-cost_mean,eta_std,gamma_std,perc_recomm_found_std,eta_obs_std,eta_obs_individualized_std,eta_obs_refits_batch0_mean_std,gamma_obs_std,intv-cost_std
individualized,acceptance,0.85,0.85,1.0,1.0,,0.7536666591962179,0.47166667381922406,2.373666666666667,0.0,0.0,0.0,0.0,,0.12165662816496418,0.13503086579060822,0.2666384880945234
individualized,counterfactual,0.85,0.85,1.0,1.0,,0.670333335796992,0.4683333436648051,3.061,0.0,0.0,0.0,0.0,,0.2513649575590573,0.1833257741417304,0.6975392462076955
individualized,improvement,0.85,0.85,1.0,0.9966666666666667,1.0,0.9616666436195374,0.875,3.656333333333333,0.0,0.0,0.0,0.005773502691896262,0.0,0.02554082695378126,0.009999990463256836,0.4373803645950893
subpopulation,acceptance,0.85,0.85,1.0,1.0,,0.6559999883174896,0.4599999934434891,3.136833333333333,0.0,0.0,0.0,0.0,,0.2628858977887286,0.20862645076501096,0.8515480511006606
subpopulation,improvement,0.85,0.85,1.0,0.9966666666666667,,0.9653333028157552,0.8300000031789144,5.160666666666667,0.0,0.0,0.0,0.005773502691896262,,0.007234187992289919,0.027838827380914172,0.1628015151444646
