r_type,t_type,x1_mean,x2_mean,x3_mean,causes_mean,non-causes_mean,x1_std,x2_std,x3_std,causes_std,non-causes_std
individualized,acceptance,0.5453333333333333,0.5628333333333333,1.2635,2.3716666666666666,0.0,0.24956679132715823,0.3668137583751915,0.3361818704213539,0.2699834871493688,0.0
individualized,counterfactual,0.44216666666666665,0.7383333333333333,1.8775000000000002,3.0580000000000003,0.0,0.32338844032113045,0.6006667822789382,0.22863562714502733,0.7027005051940692,0.0
individualized,improvement,1.0761666666666667,0.9718333333333334,1.6076666666666668,3.655666666666667,0.0,0.05640552573403889,0.16305699412577593,0.221233097282783,0.43792760056124924,0.0
subpopulation,acceptance,0.44016666666666665,0.7806666666666665,1.9106666666666667,3.1315000000000004,0.0,0.3178216218782689,0.6416304102311028,0.09112399976588674,0.8607814763341508,0.0
subpopulation,improvement,0.9705,1.53,2.6601666666666666,5.160666666666668,0.0,0.0633798075099633,0.02206807649071381,0.10615711626326944,0.1628015151444645,0.0
