r_type,t_type,x1_mean,x2_mean,x3_mean,causes_mean,non-causes_mean,x1_std,x2_std,x3_std,causes_std,non-causes_std
individualized,acceptance,0.21254849246231156,0.16234547738693467,2.0232620603015077,0.3748939698492462,2.0232620603015077,0.05744484702619006,0.055143228263321305,0.13364326411594837,0.08157503953392625,0.13364326411594837
individualized,counterfactual,0.03715,0.02715,2.45795,0.0643,2.45795,0.04236681746629339,0.04590149477110982,0.17711616558380855,0.07547339487086382,0.17711616558380855
individualized,improvement,1.7484000000000002,1.1967,,2.9451,0.0,0.04921370631123906,0.0901425414428602,,0.0825159243890401,0.0
subpopulation,acceptance,0.033429648241206034,0.024428643216080403,2.403818592964824,0.05785829145728644,2.403818592964824,0.03996983050361588,0.03289209335466247,0.22223818987508057,0.06060990197661728,0.22223818987508057
subpopulation,improvement,1.5019500000000001,2.3531000000000004,,3.85505,0.0,0.11062259413579734,0.1179375540982034,,0.1650108498116277,0.0
