r_type,t_type,x1_mean,x2_mean,x3_mean,causes_mean,non-causes_mean,x1_std,x2_std,x3_std,causes_std,non-causes_std
individualized,acceptance,0.19483333333333333,0.17800000000000002,1.796833333333333,0.37283333333333335,1.796833333333333,0.024567933029323693,0.020475595229443262,0.16848244221085265,0.019276496915501387,0.16848244221085265
individualized,counterfactual,0.014499162479061975,0.018834170854271356,2.2738475711892803,0.03333333333333333,2.2738475711892803,0.027290798642519334,0.023260207905048184,0.059193028968801596,0.05014312847572769,0.059193028968801596
individualized,improvement,1.5335,0.964,,2.4975,0.0,0.10931262507139797,0.10375331320010937,,0.2113249866911152,0.0
subpopulation,acceptance,0.02009966499162479,0.023602177554438858,2.3673860971524285,0.04370184254606365,2.3673860971524285,0.03748081841799116,0.027036217350871264,0.12867147833423323,0.06451702282748868,0.12867147833423323
subpopulation,improvement,1.3484999999999998,2.052,,3.4004999999999996,0.0,0.01967866865415453,0.07385289432378395,,0.07475125417008086,0.0
