r_type,t_type,eta_mean,gamma_mean,perc_recomm_found_mean,eta_obs_mean,eta_obs_individualized_mean,eta_obs_refits_batch0_mean_mean,gamma_obs_mean,intv-cost_mean,eta_std,gamma_std,perc_recomm_found_std,eta_obs_std,eta_obs_individualized_std,eta_obs_refits_batch0_mean_std,gamma_obs_std,intv-cost_std
individualized,acceptance,0.85,0.85,1.0,1.0,,0.715666651725769,0.2849999964237213,2.1810000000000005,0.0,0.0,0.0,0.0,,0.04163328028469467,0.026457516039344663,0.14811397638305446
individualized,counterfactual,0.85,0.85,1.0,0.9983333333333334,,0.6496666868527731,0.19499999284744263,2.3161666666666667,0.0,0.0,0.0,0.0028867513459481316,,0.0604345685845699,0.0,0.08952280901163298
individualized,improvement,0.85,0.85,1.0,0.9883333333333333,0.8866666666666667,0.9860000411669413,0.8599999944368998,2.4975,0.0,0.0,0.0,0.00763762615825974,0.027537852736430536,0.008185338412032311,0.018027772247422386,0.2113249866911148
subpopulation,acceptance,0.85,0.85,1.0,0.9983333333333334,,0.6519999702771505,0.16833333174387613,2.4153333333333333,0.0,0.0,0.0,0.0028867513459481316,,0.050318971945052596,0.018929693488900744,0.18003911612017326
subpopulation,improvement,0.85,0.85,1.0,0.9616666666666666,,0.9599999984105428,0.8599999944368998,3.4008333333333334,0.0,0.0,0.0,0.016072751268321608,,0.016522767672573338,0.03041381794292058,0.07457267149119269
