r_type,t_type,x1_mean,x2_mean,x3_mean,x4_mean,x5_mean,causes_mean,non-causes_mean,x1_std,x2_std,x3_std,x4_std,x5_std,causes_std,non-causes_std
individualized,acceptance,0.09758971704623878,0.1364389233954451,0.203428226363009,0.5955866114561766,-0.004347826086956522,0.43745686680469287,0.5912387853692201,0.1045757849243045,0.08954360258621781,0.16037548643115565,0.22679279348398512,0.013749033305079908,0.23723135997347003,0.228773926235453
individualized,counterfactual,0.014583333333333332,0.18178571428571427,0.8332142857142857,0.008333333333333333,-0.014583333333333332,1.0295833333333333,-0.00625,0.03113404412702763,0.20742853407815193,0.21454015611075283,0.02635231383473649,0.03113404412702763,0.03871239712750972,0.01976423537605237
individualized,improvement,0.4641636523163758,1.4016207990381777,0.6603740284085222,,,2.5261584797630756,0.0,0.027613418796895526,0.04961670663965327,0.054760373823562455,,,0.04069993994567775,0.0
subpopulation,acceptance,0.04413992869875223,0.13716624448822592,0.8701041708549448,0.02727272727272727,-0.02159090909090909,1.0514103440419231,0.005681818181818179,0.06366356753205427,0.18204710247424669,0.23604705558530573,0.08624393618641034,0.04622143472964122,0.10750438854418087,0.07330303969834706
subpopulation,improvement,0.9449753897613599,0.6595696140614301,0.3812573618803775,,,1.9858023657031676,0.0,0.055418986775821404,0.037867794562494235,0.043687053827200686,,,0.045278370860832716,0.0
