r_type,t_type,eta_mean,gamma_mean,perc_recomm_found_mean,eta_obs_mean,eta_obs_individualized_mean,eta_obs_refits_batch0_mean_mean,gamma_obs_mean,intv-cost_mean,eta_std,gamma_std,perc_recomm_found_std,eta_obs_std,eta_obs_individualized_std,eta_obs_refits_batch0_mean_std,gamma_obs_std,intv-cost_std
individualized,acceptance,0.85,0.85,1.0,1.0,,0.9409000098705291,0.07549999989569187,1.039,0.0,0.0,0.0,0.0,,0.025976271389993345,0.04010056769562795,0.04402019738458447
individualized,counterfactual,0.85,0.85,1.0,0.9754999999999999,,0.9591000080108643,0.08550000004470348,1.0399999999999998,0.0,0.0,0.0,0.019500712237705026,,0.015772355912339192,0.03774549233408398,0.040892813821284305
individualized,improvement,0.85,0.85,0.944,0.8698827527667288,0.9044458425566818,0.8722980678081512,0.9044458389282226,2.533539045709422,0.0,0.0,0.0373273804777851,0.020275912501864616,0.01841418228339782,0.015350407050994531,0.018414188129954507,0.03788565441077787
subpopulation,acceptance,0.85,0.85,1.0,0.9720000000000001,,0.9541999995708466,0.08100000005215406,1.0405,0.0,0.0,0.0,0.020303256443788074,,0.021332296034344746,0.03977715526687131,0.04258651325374167
subpopulation,improvement,0.85,0.85,0.9484999999999999,0.5239358194754425,,0.5291959345340729,0.5293272912502289,1.9848013196000287,0.0,0.0,0.036366193091936345,0.021186089577184278,,0.027616109463823053,0.018097832838383027,0.04586883669706786
