r_type,t_type,eta_mean,gamma_mean,perc_recomm_found_mean,eta_obs_mean,eta_obs_individualized_mean,eta_obs_refits_batch0_mean_mean,gamma_obs_mean,intv-cost_mean,eta_std,gamma_std,perc_recomm_found_std,eta_obs_std,eta_obs_individualized_std,eta_obs_refits_batch0_mean_std,gamma_obs_std,intv-cost_std
individualized,acceptance,0.9499999999999998,0.9499999999999998,1.0,1.0,,0.6306666731834412,0.25833334028720856,2.269833333333333,1.3597399555105182e-16,1.3597399555105182e-16,0.0,0.0,,0.06351639574747756,0.05204165404301559,0.057758837707604156
individualized,improvement,0.9499999999999998,0.9499999999999998,1.0,1.0,0.9833333333333334,1.0,0.9416666626930237,3.3053333333333335,1.3597399555105182e-16,1.3597399555105182e-16,0.0,0.0,0.011547005383792525,0.0,0.012583045391979259,0.12932742684107382
subpopulation,acceptance,0.9499999999999998,0.9499999999999998,1.0,0.9899999999999999,,0.5910000006357828,0.1699999993046125,2.3508333333333336,1.3597399555105182e-16,1.3597399555105182e-16,0.0,0.008660254037844395,,0.03831449420711804,0.05766281580304108,0.15076582282909243
subpopulation,improvement,0.9499999999999998,0.9499999999999998,1.0,0.985,,0.9853333036104838,0.9316666722297668,3.1325,1.3597399555105182e-16,1.3597399555105182e-16,0.0,0.010000000000000009,,0.00832663792271622,0.022546227262336092,0.10355191934483868
