r_type,t_type,x1_mean,x2_mean,x3_mean,causes_mean,non-causes_mean,x1_std,x2_std,x3_std,causes_std,non-causes_std
individualized,acceptance,0.14383333333333334,0.13733333333333334,1.9753333333333334,0.2811666666666666,1.9753333333333334,0.01426826315054966,0.04376166511152579,0.019263523388345475,0.03450483057969324,0.019263523388345475
individualized,improvement,2.0948333333333333,1.2105,,3.3053333333333335,0.0,0.044750232774068616,0.10785522704069561,,0.1293274268410738,0.0
subpopulation,acceptance,0.01516666666666667,0.03216666666666666,2.281166666666667,0.04733333333333333,2.281166666666667,0.004481443219916252,0.02552613040265471,0.1363472894242246,0.021108844907605277,0.1363472894242246
subpopulation,improvement,2.1973333333333334,0.9351666666666668,,3.1325000000000003,0.0,0.10476680453909701,0.09271776169285649,,0.10355191934483884,0.0
