r_type,t_type,pop_density_mean,flu_shot_mean,covid_shots_mean,bmi_diff_mean,appetite_loss_mean,fatigue_mean,fever_mean,causes_mean,non-causes_mean,pop_density_std,flu_shot_std,covid_shots_std,bmi_diff_std,appetite_loss_std,fatigue_std,fever_std,causes_std,non-causes_std
individualized,acceptance,-0.0011010621093752297,0.004285714285714286,0.0,0.0061763857057974695,0.5472220858551841,0.0,0.0,0.009361037882136526,0.5472220858551841,0.03841660381291249,0.013552618543578768,0.0,0.019416354002400563,0.033366800290534064,0.0,0.0,0.05197335175563533,0.033366800290534064
individualized,counterfactual,0.001571348877521034,0.0035714285714285713,0.003076923076923077,0.006048940921203694,0.5324960268947402,0.0,0.0,0.014268641447076378,0.5324960268947402,0.03333408501565428,0.01129384878631564,0.009730085108210398,0.019212657288051414,0.03941796113394121,0.0,0.0,0.04011683953768287,0.03941796113394121
individualized,improvement,-0.17477143151661453,0.06766343316316456,1.401610290291306,0.00032579265849684525,,,,1.2948280845963527,0.0,0.012859991851519426,0.02014743804738814,0.028051572243243224,0.0008143653504847252,,,,0.034291880418414314,0.0
subpopulation,acceptance,-0.0034478323301782706,0.0044444444444444444,0.00390749601275917,0.004609093447033145,0.5490081534733744,0.0,-0.0015151515151515152,0.00951320157405849,0.5474930019582228,0.04112571908604123,0.014054567378526131,0.009675485330899798,0.015185076114430141,0.05802998579611197,0.0,0.004791329788133908,0.04588469658775952,0.05434581235507394
subpopulation,improvement,-0.11522792578483658,0.04347892146884837,1.3405357952259458,0.0010332494013643428,,,,1.269820040311322,0.0,0.019243705347369938,0.011540914245139006,0.030680357474660646,0.004677295978856566,,,,0.032628024582785006,0.0
