r_type,t_type,eta_mean,gamma_mean,perc_recomm_found_mean,eta_obs_mean,eta_obs_individualized_mean,eta_obs_refits_batch0_mean_mean,gamma_obs_mean,intv-cost_mean,eta_std,gamma_std,perc_recomm_found_std,eta_obs_std,eta_obs_individualized_std,eta_obs_refits_batch0_mean_std,gamma_obs_std,intv-cost_std
individualized,acceptance,0.9,0.9,1.0,0.9995,,0.7202999860048294,0.02299999976530671,0.6886500000000001,0.0,0.0,0.0,0.0015811388300841912,,0.18488016444266606,0.035371048865081224,0.1973878092036644
individualized,counterfactual,0.9,0.9,1.0,0.9994999999999999,,0.7251000136137009,0.023999999463558196,1.4274293936877958,0.0,0.0,0.0,0.001581138830084191,,0.16743254271457836,0.04148627485154288,0.037639383856264495
individualized,improvement,0.9,0.9,0.9744999999999999,0.8808423214137937,0.8903509670702465,0.8863174915313721,0.8903509616851807,0.69495,0.0,0.0,0.020062402647738863,0.0251267443982264,0.026565652633858582,0.027696878704775135,0.026565656026079687,0.1889987433820659
subpopulation,acceptance,0.9,0.9,1.0,1.0,,0.7244999825954437,0.022000000439584257,1.623695737408231,0.0,0.0,0.0,0.0,,0.16576370553147854,0.03607091854535481,0.04272708468754626
subpopulation,improvement,0.9,0.9,0.9720000000000001,0.8101550675141006,,0.8212970137596131,0.829714322090149,0.69445,0.0,0.0,0.027808871486152274,0.040594558693153523,,0.02816626322448012,0.031109037956234906,0.20295065765955142
