r_type,t_type,eta_mean,gamma_mean,perc_recomm_found_mean,eta_obs_mean,eta_obs_individualized_mean,eta_obs_refits_batch0_mean_mean,gamma_obs_mean,intv-cost_mean,eta_std,gamma_std,perc_recomm_found_std,eta_obs_std,eta_obs_individualized_std,eta_obs_refits_batch0_mean_std,gamma_obs_std,intv-cost_std
individualized,acceptance,0.95,0.95,1.0,1.0,,0.7546999990940094,0.22899999767541884,2.19205,1.1702778228589004e-16,1.1702778228589004e-16,0.0,0.0,,0.10349885674545559,0.027668675166880694,0.17017335115829507
individualized,counterfactual,0.95,0.95,1.0,0.9925,,0.7148000180721283,0.17949999868869781,2.27135,1.1702778228589004e-16,1.1702778228589004e-16,0.0,0.011118053386771956,,0.13549809508429808,0.031042083564621792,0.12710648423008694
individualized,improvement,0.95,0.95,1.0,0.9984999999999999,0.9804999999999999,0.9984000027179718,0.9554999947547913,3.3452999999999995,1.1702778228589004e-16,1.1702778228589004e-16,0.0,0.002415229457698242,0.009846036991827962,0.00217050038632458,0.012122071378964074,0.13016190772350508
subpopulation,acceptance,0.95,0.95,1.0,0.9879999999999999,,0.7135999977588654,0.1655000001192093,2.32205,1.1702778228589004e-16,1.1702778228589004e-16,0.0,0.012736648783028545,,0.1388566183781857,0.027933454002007776,0.1746826408089826
subpopulation,improvement,0.95,0.95,1.0,0.9970000000000001,,0.9961999893188477,0.9444999933242798,4.4937,1.1702778228589004e-16,1.1702778228589004e-16,0.0,0.006324555320336765,,0.005116418621001281,0.024771175443121456,0.11942575564387738
