r_type,t_type,eta_mean,gamma_mean,perc_recomm_found_mean,eta_obs_mean,eta_obs_individualized_mean,eta_obs_refits_batch0_mean_mean,gamma_obs_mean,intv-cost_mean,eta_std,gamma_std,perc_recomm_found_std,eta_obs_std,eta_obs_individualized_std,eta_obs_refits_batch0_mean_std,gamma_obs_std,intv-cost_std
individualized,acceptance,0.9499999999999998,0.9499999999999998,1.0,1.0,,0.6919999718666077,0.47333332896232605,2.407,1.3597399555105182e-16,1.3597399555105182e-16,0.0,0.0,,0.05574939848059625,0.08504901372755233,0.10769052883146231
individualized,improvement,0.9499999999999998,0.9499999999999998,1.0,1.0,1.0,0.987666646639506,0.9616666634877523,4.220833333333332,1.3597399555105182e-16,1.3597399555105182e-16,0.0,0.0,0.0,0.006658340866048071,0.010408343932157522,0.3834375220728056
subpopulation,acceptance,0.9499999999999998,0.9499999999999998,1.0,0.9816666666666666,,0.6763333479563395,0.44833333293596905,2.750833333333333,1.3597399555105182e-16,1.3597399555105182e-16,0.0,0.02020725942163692,,0.11958400936445171,0.15184970207426962,0.29897547279556785
subpopulation,improvement,0.9499999999999998,0.9499999999999998,1.0,0.9983333333333334,,0.987666666507721,0.9350000023841858,3.98,1.3597399555105182e-16,1.3597399555105182e-16,0.0,0.0028867513459481316,,0.0037859321383024998,0.01802773918471171,0.23575198832671584
