r_type,t_type,x1_mean,x2_mean,x3_mean,causes_mean,non-causes_mean,x1_std,x2_std,x3_std,causes_std,non-causes_std
individualized,acceptance,0.5406666666666666,0.35566666666666663,1.5106666666666666,2.4069999999999996,0.0,0.17667012575229946,0.18374325384441556,0.31984462373679695,0.10769052883146225,0.0
individualized,improvement,1.3445,1.2465,1.6298333333333332,4.220833333333334,0.0,0.06359441799403458,0.10722989322012766,0.28879072584370385,0.3834375220728056,0.0
subpopulation,acceptance,0.49666666666666665,0.554,1.6985000000000001,2.749166666666667,0.0,0.17301469109105538,0.265247525907406,0.12879149816661029,0.3008859141490894,0.0
subpopulation,improvement,1.3950000000000002,1.2023333333333335,1.3819999999999997,3.979333333333333,0.0,0.028160255680657397,0.11287308507050446,0.11326517558367184,0.2351963718541025,0.0
