r_type,t_type,eta_mean,gamma_mean,perc_recomm_found_mean,eta_obs_mean,eta_obs_individualized_mean,eta_obs_refits_batch0_mean_mean,gamma_obs_mean,intv-cost_mean,eta_std,gamma_std,perc_recomm_found_std,eta_obs_std,eta_obs_individualized_std,eta_obs_refits_batch0_mean_std,gamma_obs_std,intv-cost_std
individualized,acceptance,0.9499999999999998,0.9499999999999998,1.0,1.0,,0.980666716893514,0.0,0.5551666666666667,1.3597399555105182e-16,1.3597399555105182e-16,0.0,0.0,,0.016502521481181608,0.0,0.015044378795195691
individualized,improvement,0.9499999999999998,0.9499999999999998,0.9916666666666667,0.9647390930966168,0.9714392606008045,0.9647390445073446,0.9647390842437744,1.9856431055446437,1.3597399555105182e-16,1.3597399555105182e-16,0.005773502691896262,0.009922983217557331,0.010420747929081323,0.009923016117926231,0.009922986444136398,0.018722302477313355
subpopulation,acceptance,0.9499999999999998,0.9499999999999998,1.0,0.995,,0.9716666539510092,0.0033333332588275275,0.5671666666666667,1.3597399555105182e-16,1.3597399555105182e-16,0.0,0.0050000000000000044,,0.01792573273043194,0.002886751281424208,0.020132891827388682
subpopulation,improvement,0.9499999999999998,0.9499999999999998,0.9933333333333333,0.9127087212713313,,0.9127086997032166,0.9127087195714315,1.7367188905610966,1.3597399555105182e-16,1.3597399555105182e-16,0.00763762615825974,0.008380319885345105,,0.008380293819634331,0.008380319749114098,0.03149915943485904
