r_type,t_type,pop_density_mean,flu_shot_mean,covid_shots_mean,bmi_diff_mean,appetite_loss_mean,fatigue_mean,fever_mean,causes_mean,non-causes_mean,pop_density_std,flu_shot_std,covid_shots_std,bmi_diff_std,appetite_loss_std,fatigue_std,fever_std,causes_std,non-causes_std
individualized,acceptance,-0.0003333333333333333,0.0,0.0,-0.00016666666666666666,0.5539999999999999,0.0,0.0,-0.0005,0.5539999999999999,0.0002886751345948129,0.0,0.0,0.0002886751345948129,0.015321553446044597,0.0,0.0,0.0005,0.015321553446044597
individualized,improvement,-0.15253005630210278,0.0893150429264651,1.7349932344158268,0.0,,,,1.6717782210401892,0.0,0.01103147344189207,0.032003060048081934,0.027860688119114414,0.0,,,,0.0466289387619049,0.0
subpopulation,acceptance,0.000164983164983165,0.0,0.00335016835016835,-0.00016666666666666666,0.5646582491582492,0.0,0.0,0.0033484848484848484,0.5646582491582492,0.0005802661796400784,0.0,0.002901440792241662,0.0002886751345948129,0.02060381148186368,0.0,0.0,0.0029388862416905143,0.02060381148186368
subpopulation,improvement,-0.1290955091714105,0.042886167174592225,1.5767350928641253,1.5333601671363092e-05,,,,1.4905410844689782,0.0,0.025498352315343118,0.019413005950867587,0.02582729883811897,0.007512918148357269,,,,0.029260520849911587,0.0
