r_type,t_type,years_experience_mean,degree_mean,nr_commits_mean,nr_languages_mean,nr_stars_mean,causes_mean,non-causes_mean,years_experience_std,degree_std,nr_commits_std,nr_languages_std,nr_stars_std,causes_std,non-causes_std
individualized,acceptance,0.0,0.0,1035.787730318258,0.0,0.006691792294807371,0.0,1035.7944221105527,0.0,0.0,114.17697846296227,0.0,0.00767876083287006,0.0,114.18354489811283
individualized,counterfactual,0.0,0.0,1012.3717252931323,0.008333333333333333,0.015041876046901173,0.0,1012.3951005025125,0.0,0.0,87.01251764845604,0.014433756729740647,0.01327635274527411,0.0,87.03078187702202
individualized,improvement,0.695,1.5316666666666665,,,,2.2266666666666666,0.0,0.02179449471770332,0.055752428945592424,,,,0.0354729944229881,0.0
subpopulation,acceptance,0.0,0.0,988.2770435510888,-0.005,0.013366834170854271,0.0,988.2854103852596,0.0,0.0,85.61792012671643,0.008660254037844387,0.011576127029455747,0.0,85.6165431131799
subpopulation,improvement,0.625,1.5650000000000002,,,,2.19,0.0,0.05196152422706637,0.040000000000000036,,,,0.026457513110645845,0.0
