r_type,t_type,eta_mean,gamma_mean,perc_recomm_found_mean,eta_obs_mean,eta_obs_individualized_mean,eta_obs_refits_batch0_mean_mean,gamma_obs_mean,intv-cost_mean,eta_std,gamma_std,perc_recomm_found_std,eta_obs_std,eta_obs_individualized_std,eta_obs_refits_batch0_mean_std,gamma_obs_std,intv-cost_std
individualized,acceptance,0.9499999999999998,0.9499999999999998,1.0,1.0,,0.6816666666666666,0.0016666666666666668,0.10281233333333334,1.3597399555105182e-16,1.3597399555105182e-16,0.0,0.0,,0.18002592405910137,0.002886751345948129,0.00965532683720926
individualized,counterfactual,0.9499999999999998,0.9499999999999998,1.0,1.0,,0.6713333333333334,0.0016666666666666668,10.950000000000001,1.3597399555105182e-16,1.3597399555105182e-16,0.0,0.0,,0.17990089864515224,0.002886751345948129,0.1322875655532294
individualized,improvement,0.9499999999999998,0.9499999999999998,1.0,0.9866666666666667,0.9866666666666667,0.9866666666666667,0.9866666666666667,0.10405166666666667,1.3597399555105182e-16,1.3597399555105182e-16,0.0,0.00763762615825974,0.00763762615825974,0.007637626158259631,0.00763762615825974,0.01174659431849646
subpopulation,acceptance,0.9499999999999998,0.9499999999999998,1.0,1.0,,0.6656666666666666,0.0,11.0375,1.3597399555105182e-16,1.3597399555105182e-16,0.0,0.0,,0.1821546961605254,0.0,0.08838834764831845
subpopulation,improvement,0.9499999999999998,0.9499999999999998,1.0,0.9783333333333332,,0.9783333333333332,0.9783333333333332,0.10006999999999999,1.3597399555105182e-16,1.3597399555105182e-16,0.0,0.010408329997330672,,0.010408329997330672,0.010408329997330672,0.009480235242334448
