r_type,t_type,eta_mean,gamma_mean,perc_recomm_found_mean,eta_obs_mean,eta_obs_individualized_mean,eta_obs_refits_batch0_mean_mean,gamma_obs_mean,intv-cost_mean,eta_std,gamma_std,perc_recomm_found_std,eta_obs_std,eta_obs_individualized_std,eta_obs_refits_batch0_mean_std,gamma_obs_std,intv-cost_std
individualized,acceptance,0.75,0.75,1.0,1.0,,0.7313333551088969,0.25333333015441895,2.128,0.0,0.0,0.0,0.0,,0.08927105982667569,0.02466441797679912,0.037858288392371896
individualized,counterfactual,0.75,0.75,1.0,0.9566666666666667,,0.6746666630109152,0.18666666746139526,2.319,0.0,0.0,0.0,0.07505553499465135,,0.14458334126634664,0.007637618874451828,0.038661996844446725
individualized,improvement,0.75,0.75,1.0,0.9466666666666667,0.7799999999999999,0.9443333347638448,0.7683333357175192,2.032833333333333,0.0,0.0,0.0,0.00763762615825974,0.03968626966596883,0.011239821930298337,0.038188126889260376,0.015607156478145872
subpopulation,acceptance,0.75,0.75,1.0,0.9583333333333334,,0.6799999872843424,0.17333333690961203,2.2618333333333336,0.0,0.0,0.0,0.06788470618138766,,0.1310228980468805,0.010408328422507884,0.141072971661241
subpopulation,improvement,0.75,0.75,1.0,0.8033333333333333,,0.7956666350364685,0.7050000031789144,2.669166666666667,0.0,0.0,0.0,0.04645786621588783,,0.05965175780137378,0.013228777732056413,0.13147655050743207
