r_type,t_type,x1_mean,x2_mean,x3_mean,causes_mean,non-causes_mean,x1_std,x2_std,x3_std,causes_std,non-causes_std
individualized,acceptance,0.16850670016750416,0.10293132328308208,1.8319438860971526,0.27143802345058626,1.8319438860971526,0.05669174236398695,0.04888227143895964,0.03546056482017094,0.018339627185089708,0.03546056482017094
individualized,counterfactual,0.014150643791347312,-0.003025210226215252,2.296703094597567,0.011125433565132061,2.296703094597567,0.025675313584815444,0.0034859574083299935,0.02638842880820766,0.02362748296922673,0.02638842880820766
individualized,improvement,1.2716666666666667,0.7611666666666667,,2.032833333333333,0.0,0.031758201040571095,0.04005413004089994,,0.015607156478145872,0.0
subpopulation,acceptance,0.0109983164983165,-0.004686868686868687,2.231506734006734,0.006311447811447812,2.231506734006734,0.02760992736880368,0.00513958809429337,0.11800692341733351,0.02355689629077079,0.11800692341733351
subpopulation,improvement,1.1035353535353536,1.5914141414141414,,2.6949494949494954,0.0,0.0353210528987998,0.15309862794481163,,0.13251970917206696,0.0
