r_type,t_type,eta_mean,gamma_mean,perc_recomm_found_mean,eta_obs_mean,eta_obs_individualized_mean,eta_obs_refits_batch0_mean_mean,gamma_obs_mean,intv-cost_mean,eta_std,gamma_std,perc_recomm_found_std,eta_obs_std,eta_obs_individualized_std,eta_obs_refits_batch0_mean_std,gamma_obs_std,intv-cost_std
individualized,acceptance,0.9,0.9,1.0,1.0,,0.6879999836285909,0.4699999888737996,2.6466666666666665,0.0,0.0,0.0,0.0,,0.11276968767824788,0.04358898205131552,0.09646415569180755
individualized,counterfactual,0.9,0.9,1.0,1.0,,0.5620000263055166,0.4350000023841858,3.1916666666666664,0.0,0.0,0.0,0.0,,0.17366348187221226,0.03041381059371568,0.4443437108065485
individualized,improvement,0.9,0.9,1.0,0.9966666666666667,1.0,0.9853333234786987,0.9016666611035665,4.050666666666667,0.0,0.0,0.0,0.005773502691896262,0.0,0.007234119331360332,0.007637651391459712,0.09940615339773136
subpopulation,acceptance,0.9,0.9,1.0,1.0,,0.5556666851043701,0.4283333321412404,3.192,0.0,0.0,0.0,0.0,,0.1485440364903647,0.0765397458161653,0.227855765781777
subpopulation,improvement,0.9,0.9,1.0,1.0,,0.9893333315849304,0.8816666603088379,5.796166666666667,0.0,0.0,0.0,0.0,,0.005131618614608017,0.020207240150492585,0.09335728859244624
