r_type,t_type,x1_mean,x2_mean,x3_mean,causes_mean,non-causes_mean,x1_std,x2_std,x3_std,causes_std,non-causes_std
individualized,acceptance,0.6671666666666667,0.5061666666666667,1.4733333333333334,2.6466666666666665,0.0,0.2732655911989897,0.23628390409279543,0.38813346072367066,0.09646415569180794,0.0
individualized,counterfactual,0.5453333333333333,0.5485,2.097166666666667,3.1910000000000003,0.0,0.42842191042631483,0.3907822283574319,0.4558843968961136,0.444793210379835,0.0
individualized,improvement,1.2220000000000002,1.1698333333333333,1.6588333333333332,4.050666666666667,0.0,0.07041129170807765,0.05527733109813943,0.1189120823690063,0.09940615339773189,0.0
subpopulation,acceptance,0.5596666666666666,0.5195,2.1121666666666665,3.191333333333333,0.0,0.41291958458437555,0.3425273711690789,0.5190244053349836,0.22869758051482164,0.0
subpopulation,improvement,1.107,1.6811666666666667,3.0079999999999996,5.796166666666667,0.0,0.06987667708184186,0.02998471833006505,0.05899999999999994,0.09335728859244607,0.0
