r_type,t_type,x1_mean,x2_mean,x3_mean,x4_mean,x5_mean,causes_mean,non-causes_mean,x1_std,x2_std,x3_std,x4_std,x5_std,causes_std,non-causes_std
individualized,acceptance,0.10194299979197004,0.06891357180830865,0.15341614906832296,0.6998181884223074,-0.005,0.3242727206686017,0.6948181884223075,0.10428825274169692,0.06629336361836576,0.1463909726060924,0.16851881743374703,0.015811388300841896,0.1656739495633104,0.16425560883562199
individualized,counterfactual,0.15071428571428572,0.16071428571428573,0.6774647092038396,0.0325,-0.004347826086956522,0.988893280632411,0.028152173913043477,0.16804063294628374,0.3234187846345233,0.34590543220996883,0.07075976571784594,0.013749033305079908,0.09065985435168432,0.07422930703640167
individualized,improvement,0.8079113528672396,1.5591628572560352,1.1840637719746916,,,3.5511379820979663,0.0,0.09099398452354114,0.08616241706360456,0.1387803532148319,,,0.08731049884781665,0.0
subpopulation,acceptance,0.07310606060606059,0.07380952380952381,0.8524025974025975,0.01818181818181818,0.0,0.9993181818181818,0.01818181818181818,0.10116859409006428,0.15930451641230242,0.21512336703961596,0.0574959574576069,0.0,0.07540866622709065,0.0574959574576069
subpopulation,improvement,1.1653263544945192,0.674260301816482,1.2313466796458972,,,3.0709333359568984,0.0,0.08214634365123445,0.09547506925088844,0.0982413624190245,,,0.057189263012959124,0.0
