r_type,t_type,eta_mean,gamma_mean,perc_recomm_found_mean,eta_obs_mean,eta_obs_individualized_mean,eta_obs_refits_batch0_mean_mean,gamma_obs_mean,intv-cost_mean,eta_std,gamma_std,perc_recomm_found_std,eta_obs_std,eta_obs_individualized_std,eta_obs_refits_batch0_mean_std,gamma_obs_std,intv-cost_std
individualized,acceptance,0.95,0.95,1.0,1.0,,0.9432999968528748,0.06750000100582838,1.0265,1.1702778228589004e-16,1.1702778228589004e-16,0.0,0.0,,0.02164381644408916,0.02730995086790365,0.022979459426965578
individualized,counterfactual,0.95,0.95,1.0,0.976,,0.9524000346660614,0.08650000151246787,1.0234999999999999,1.1702778228589004e-16,1.1702778228589004e-16,0.0,0.00994428926011754,,0.014938388890608232,0.030555052508637978,0.018863545089227912
individualized,improvement,0.95,0.95,0.9465,0.8625153626480172,0.962512876473425,0.876301747560501,0.962512880563736,3.566059183648048,1.1702778228589004e-16,1.1702778228589004e-16,0.02539138086481751,0.058571058322452706,0.007029824558050939,0.041587448818501904,0.007029811463481365,0.09066145406601135
subpopulation,acceptance,0.95,0.95,1.0,0.9795,,0.9586000204086303,0.08250000141561031,1.02,1.1702778228589004e-16,1.1702778228589004e-16,0.0,0.008316649966583106,,0.01658112898389665,0.016372402124720874,0.014142135623731006
subpopulation,improvement,0.95,0.95,0.9505000000000001,0.6881947506518409,,0.6897926211357117,0.7206216752529144,3.0709333359568984,1.1702778228589004e-16,1.1702778228589004e-16,0.022540087745072202,0.05555381399117767,,0.044683768535263575,0.03657475001353339,0.05718926301295914
