{"accuracy_pre": 0.87, "accuracy_post": 0.775, "recourse_seeking_ixs": [2890, 3268, 2109, 2009, 3559, 3584, 3262, 2042, 2859, 2803, 2437, 2535, 3846, 2030, 2315, 2663, 3317, 3127, 3383, 2904, 2008, 3248, 3473, 3260, 2292, 2529, 3366, 3388, 2353, 3994, 2897, 2313, 2246, 2182, 3144, 3685, 3935, 3517, 2835, 2077, 2737, 3421, 2128, 2702, 3452, 3250, 2055, 2909, 2725, 2855, 2203, 3702, 2048, 2045, 3135, 3707, 2643, 2307, 2743, 2205, 2142, 2317, 3632, 2305, 2669, 2588, 2793, 2190, 3965, 2903, 2101, 3233, 2942, 2374, 3002, 3657, 2147, 3347, 3595, 2100, 2498, 2396, 3351, 3018, 2554, 3203, 3264, 2508, 2960, 2650, 2807, 2337, 3979, 3836, 2242, 2249, 2062, 3885, 3877, 3674, 3843, 3687, 3892, 2143, 3514, 3767, 3769, 3207, 3186, 2701, 2180, 3054, 3620, 2885, 3249, 2617, 2264, 2879, 2289, 3688, 2011, 2579, 3791, 3443, 2723, 2070, 3513, 3981, 2041, 3652, 2191, 2219, 3251, 2527, 2217, 3909, 2763, 3500, 3859, 2731, 3596, 3426, 3919, 2742, 3884, 2423, 3491, 3285, 3561, 2953, 3009, 2637, 3746, 3792, 3375, 3261, 3581, 3606, 3531, 3328, 3338, 2446, 3036, 2735, 2071, 3522, 2688, 2365, 3520, 2755, 3485, 2214, 3488, 3623, 2804, 3361, 3624, 3444, 2338, 3558, 2393, 3092, 3354, 2806, 2615, 3654, 2872, 3537, 2746, 3760, 3275, 3923, 2826, 3301, 3758, 3678, 2212, 3937, 2272, 3949], "recourse_recommended_ixs": [2890, 3268, 2109, 2009, 3559, 3584, 3262, 2042, 2859, 2803, 2437, 2535, 3846, 2030, 2315, 2663, 3317, 3127, 3383, 2008, 3248, 3473, 3260, 2292, 2529, 3366, 2353, 3994, 2897, 2313, 2246, 2182, 3144, 3685, 3935, 3517, 2835, 2077, 2737, 3421, 2128, 2702, 3452, 3250, 2909, 2855, 2203, 3702, 2048, 2045, 3135, 3707, 2643, 2743, 2205, 2142, 3632, 2305, 2669, 2588, 2793, 2190, 3965, 2903, 2101, 3233, 2374, 3002, 2147, 3347, 2100, 2498, 3351, 3018, 2554, 3264, 2508, 2960, 2650, 2807, 2337, 3979, 3836, 2242, 2249, 2062, 3885, 3877, 3674, 3843, 3687, 3514, 3767, 3207, 3186, 2180, 3054, 3620, 2885, 3249, 2617, 2264, 2879, 2289, 2011, 2579, 3791, 3443, 2723, 2070, 3513, 3981, 2041, 3652, 2191, 2219, 3251, 2217, 2763, 3500, 3859, 2731, 3596, 3426, 3919, 2742, 3884, 2423, 3491, 3285, 3561, 2953, 3009, 2637, 3746, 3792, 3375, 3261, 3581, 3606, 3531, 3328, 3338, 3036, 2735, 2071, 2688, 2365, 3520, 2755, 3485, 2214, 3488, 3623, 3361, 3624, 3444, 3092, 3354, 2615, 3654, 2872, 2746, 3760, 3275, 3923, 2826, 3301, 3758, 3678, 2212, 3937, 2272, 3949], "perc_recomm_found": 0.87, "gamma": 0.85, "eta": 0.85, "gamma_obs": 0.931034505367279, "gamma_obs_pre": 0.0, "eta_obs": 0.8218390804597702, "costs": [1.0, 1.0, 1.0], "lbd": 300.0, "thresh": 0.5, "r_type": "individualized", "t_type": "improvement", "eta_obs_individualized": 0.9310344827586207, "eta_obs_refits_batch0_mean": 0.8896551132202148, "model_score": 0.943, "model_f1": 0.9552238805970149, "model_refits_batch0_scores": [0.9735, 0.975, 0.9685, 0.982, 0.9795], "model_refits_batch0_f1s": [0.9794653235180162, 0.9806800618238022, 0.9757038179714617, 0.9861003861003862, 0.984321223709369], "model_coef": NaN}
