r_type,t_type,eta_mean,gamma_mean,perc_recomm_found_mean,eta_obs_mean,eta_obs_individualized_mean,eta_obs_refits_batch0_mean_mean,gamma_obs_mean,intv-cost_mean,eta_std,gamma_std,perc_recomm_found_std,eta_obs_std,eta_obs_individualized_std,eta_obs_refits_batch0_mean_std,gamma_obs_std,intv-cost_std
individualized,acceptance,0.75,0.75,1.0,0.9983333333333334,,0.6866666674613953,0.23833333452542624,2.2631666666666668,0.0,0.0,0.0,0.0028867513459481316,,0.11317833108344391,0.0301385776179719,0.1871071439933102
individualized,improvement,0.75,0.75,1.0,0.94,0.7866666666666666,0.9306666652361552,0.7633333206176758,2.129166666666667,0.0,0.0,0.0,0.004999999999999949,0.024664414311581194,0.013316636972547978,0.015275237748903657,0.03700112610898949
subpopulation,acceptance,0.75,0.75,1.0,0.91,,0.646333376566569,0.2183333287636439,2.2408333333333332,0.0,0.0,0.0,0.01732050807568879,,0.11751316270353074,0.03329163980164642,0.1651365596508941
subpopulation,improvement,0.75,0.75,1.0,0.7633333333333333,,0.7616666754086813,0.7150000135103861,1.9063333333333332,0.0,0.0,0.0,0.07234178138070235,,0.07145163083094239,0.0264575216714532,0.08645278094620983
