r_type,t_type,x1_mean,x2_mean,x3_mean,causes_mean,non-causes_mean,x1_std,x2_std,x3_std,causes_std,non-causes_std
individualized,acceptance,0.15783333333333335,0.1795,1.9115000000000002,0.3373333333333333,1.9115000000000002,0.0375410886008029,0.0568836531878887,0.1482556912904189,0.04400094695950681,0.1482556912904189
individualized,improvement,1.2593333333333334,0.8698333333333332,,2.1291666666666664,0.0,0.06709942871093133,0.07112371850046462,,0.03700112610898927,0.0
subpopulation,acceptance,0.08024719557382874,0.08031064412973961,2.075766881545776,0.16055783970356832,2.075766881545776,0.04584627094341297,0.016266683929140158,0.1797640002514428,0.059549628896625115,0.1797640002514428
subpopulation,improvement,1.2602160657947206,0.6728217250075271,,1.9330377908022476,0.0,0.08989956364521075,0.051189185421603244,,0.06890690361793719,0.0
