r_type,t_type,x1_mean,x2_mean,x3_mean,causes_mean,non-causes_mean,x1_std,x2_std,x3_std,causes_std,non-causes_std
individualized,counterfactual,0.5288333333333334,0.5233333333333333,2.239333333333333,3.2915000000000005,0.0,0.05690415919186695,0.1677485717773279,0.0965716487036095,0.12939474487010696,0.0
