,perc_recomm_found,gamma,eta,gamma_obs,gamma_obs_pre,eta_obs,eta_obs_individualized,costs,lbd,thresh,r_type,t_type,iteration,model_coef,eta_obs_refits_batch0_mean,intv-cost
0,1.0,0.95,0.95,0.4050000011920929,0.0949999988079071,1.0,,"[1.0, 1.0, 1.0]",300.0,0.5,individualized,counterfactual,0,"[[0.9227989490775125, 0.7821154718602791, 1.2577793945554636], [0.1706375908015896]]",0.5879999995231628,3.1485000000000003
1,1.0,0.95,0.95,0.5199999809265137,0.1599999964237213,1.0,,"[1.0, 1.0, 1.0]",300.0,0.5,individualized,counterfactual,1,"[[1.0070742609266818, 0.9107428094761238, 1.172980534770499], [0.04829043441132127]]",0.37300002574920654,3.4004999999999996
2,1.0,0.95,0.95,0.5350000262260437,0.15000000596046448,1.0,,"[1.0, 1.0, 1.0]",300.0,0.5,individualized,counterfactual,2,"[[0.8992511257051097, 0.9177727929969212, 1.068576308828974], [-0.09870165713769888]]",0.27000004053115845,3.3254999999999995
