r_type,t_type,eta_mean,gamma_mean,perc_recomm_found_mean,eta_obs_mean,eta_obs_individualized_mean,eta_obs_refits_batch0_mean_mean,gamma_obs_mean,intv-cost_mean,eta_std,gamma_std,perc_recomm_found_std,eta_obs_std,eta_obs_individualized_std,eta_obs_refits_batch0_mean_std,gamma_obs_std,intv-cost_std
individualized,acceptance,0.85,0.85,1.0,1.0,,0.7089000000000001,0.003,0.42553415,0.0,0.0,0.0,0.0,,0.1941038954328898,0.0034960294939005055,0.2832166805395405
individualized,counterfactual,0.85,0.85,1.0,1.0,,0.705,0.003,0.4189007,0.0,0.0,0.0,0.0,,0.1998388239445868,0.0034960294939005055,0.2826561271274299
individualized,improvement,0.85,0.85,0.9959999999999999,0.9200589113078081,0.9372188097849655,0.9185519424533837,0.9372188097849655,9.703278065454175,0.0,0.0,0.006146362971528597,0.03797535901073737,0.022164066851743203,0.022359604624765765,0.022164066851743203,0.2130411572846211
subpopulation,acceptance,0.85,0.85,1.0,1.0,,0.7028,0.0035000000000000005,0.42446555,0.0,0.0,0.0,0.0,,0.1933653996395885,0.0041163630117428225,0.2904351701331077
subpopulation,improvement,0.85,0.85,0.9984999999999999,0.9233411248159993,,0.9237865590579158,0.942406730622811,9.749799248769097,0.0,0.0,0.003374742788552768,0.02603520081806097,,0.024524447749901476,0.017064637924451842,0.21674754304577137
