r_type,t_type,eta_mean,gamma_mean,perc_recomm_found_mean,eta_obs_mean,eta_obs_individualized_mean,eta_obs_refits_batch0_mean_mean,gamma_obs_mean,intv-cost_mean,eta_std,gamma_std,perc_recomm_found_std,eta_obs_std,eta_obs_individualized_std,eta_obs_refits_batch0_mean_std,gamma_obs_std,intv-cost_std
individualized,acceptance,0.95,0.95,1.0,1.0,,0.613100016117096,0.046999999042600396,0.7247999999999999,1.1702778228589004e-16,1.1702778228589004e-16,0.0,0.0,,0.24316317204748314,0.0624588735288605,0.20818183825150974
individualized,counterfactual,0.95,0.95,1.0,0.9995,,0.6187000095844268,0.054500000271946195,0.72005,1.1702778228589004e-16,1.1702778228589004e-16,0.0,0.0015811388300841912,,0.23506977077242086,0.07319874023676226,0.20662640064726595
individualized,improvement,0.95,0.95,0.9875,0.9326325877069308,0.9579646279064302,0.9530416011810303,0.9579646229743958,1.9915210573937536,1.1702778228589004e-16,1.1702778228589004e-16,0.015500896031448575,0.048696176329524346,0.011697508115527154,0.012976092360060478,0.011697511898515986,0.041192791875194264
subpopulation,acceptance,0.95,0.95,1.0,1.0,,0.6108000010251999,0.05549999922513962,0.72425,1.1702778228589004e-16,1.1702778228589004e-16,0.0,0.0,,0.24251359225322094,0.07201272936074679,0.20805758417643253
subpopulation,improvement,0.95,0.95,0.9869999999999999,0.8794144152652208,,0.8994005560874939,0.904200154542923,1.7330896886495313,1.1702778228589004e-16,1.1702778228589004e-16,0.01475729574745245,0.05548484267598963,,0.024519757874257683,0.022875894146076995,0.05740020333378168
