r_type,t_type,pop_density_mean,flu_shot_mean,covid_shots_mean,bmi_diff_mean,appetite_loss_mean,fatigue_mean,fever_mean,causes_mean,non-causes_mean,pop_density_std,flu_shot_std,covid_shots_std,bmi_diff_std,appetite_loss_std,fatigue_std,fever_std,causes_std,non-causes_std
individualized,acceptance,-0.012229503570334768,0.021739130434782608,0.11244318596841633,-0.0031907653101697605,0.5113586344301394,0.025096269776826358,-0.0006578947368421052,0.11876204752269441,0.5357970094701237,0.02661590787163285,0.06874516652539954,0.2351943202966346,0.012999640925590838,0.1102538933605752,0.052168156789917264,0.002080445829058144,0.29830867125452326,0.11480533695790494
individualized,counterfactual,-0.013365947366433295,0.03333333333333333,0.08852311695730238,-0.0017803423804731288,0.5195136424311027,0.031798103856927384,0.0,0.10671016054372928,0.55131174628803,0.03452962902855738,0.10540925533894598,0.1878986212105435,0.011983694088883622,0.0981423225303595,0.06697023213480055,0.0,0.28295913273533974,0.11227288359703724
individualized,improvement,-0.14918732790337813,0.09767275676639585,1.738036561231608,-0.00031490021962581933,,,,1.6862070898750001,0.0,0.016338880482612252,0.028194498666782097,0.040046745010213804,0.0005531568415908525,,,,0.039218019160552946,0.0
subpopulation,acceptance,-0.009264210124556301,0.039285714285714285,0.09891774891774892,-0.0011938093267000428,0.49424100147148253,0.02827080327080327,0.0,0.12774544375220684,0.5225118047422858,0.018829565317782525,0.12423233664947203,0.20089371043103968,0.013976721115187956,0.1342578940351433,0.05457237427986198,0.0,0.308160048279643,0.14795807363955196
subpopulation,improvement,-0.13981599921855342,0.04787348514342501,1.5579056819116828,-0.0005725855288109261,,,,1.4653905823077433,0.0,0.027629496234320365,0.015975462287769172,0.04718204611015256,0.001916923692760394,,,,0.05286189032224112,0.0
