r_type,t_type,x1_mean,x2_mean,x3_mean,x4_mean,x5_mean,causes_mean,non-causes_mean,x1_std,x2_std,x3_std,x4_std,x5_std,causes_std,non-causes_std
individualized,acceptance,0.04513207773125694,0.4554132754816749,0.18258944898137783,0.3302995412400337,0.0,0.6831348021943097,0.3302995412400337,0.032840413373375454,0.07304152678230452,0.10956228310565887,0.08968485636783728,0.0,0.08064305129328579,0.08968485636783728
individualized,counterfactual,0.06183261183261183,0.060709956709956714,0.8745483405483405,0.012,0.01111111111111111,0.997090909090909,0.02311111111111111,0.10007009530855328,0.10776865589930558,0.20737953269421192,0.03794733192202055,0.03513641844631533,0.05008862668726281,0.048767526131005164
individualized,improvement,0.3361528674907411,1.1989587025391164,0.5014687567732737,,,2.0365803268031315,0.0,0.026654463864338132,0.05924535694000874,0.05789601042469488,,,0.04263985676294208,0.0
subpopulation,acceptance,0.0517816091954023,0.11418901660280971,0.8231736909323116,0.010855683269476373,0.0,0.9891443167305237,0.010855683269476373,0.10953782768449859,0.20112530415490693,0.23153449078162172,0.024715201124346903,0.0,0.024715201124346914,0.024715201124346903
subpopulation,improvement,0.7281963052960363,0.5653954840039953,0.27470998704610433,,,1.568301776346136,0.0,0.05682735362486723,0.056220618592702505,0.03838874894805434,,,0.047470491340027905,0.0
