r_type,t_type,eta_mean,gamma_mean,perc_recomm_found_mean,eta_obs_mean,eta_obs_individualized_mean,eta_obs_refits_batch0_mean_mean,gamma_obs_mean,intv-cost_mean,eta_std,gamma_std,perc_recomm_found_std,eta_obs_std,eta_obs_individualized_std,eta_obs_refits_batch0_mean_std,gamma_obs_std,intv-cost_std
individualized,acceptance,0.75,0.75,1.0,0.99,,0.9111999869346619,0.1145000010728836,1.012,0.0,0.0,0.0,0.008819171036881976,,0.02767990845494358,0.03539067816806354,0.00948683298050515
individualized,counterfactual,0.75,0.75,1.0,0.975,,0.939900004863739,0.07850000103935599,1.0154999999999998,0.0,0.0,0.0,0.011055415967851343,,0.025877691364651866,0.02848488983397425,0.012349089035228454
individualized,improvement,0.75,0.75,0.954,0.8220340588893642,0.8365232317932956,0.820663970708847,0.8365232348442078,2.039772234755761,0.0,0.0,0.02366431913239844,0.048781476709795525,0.030741376919221682,0.03402439087400569,0.030741378905530803,0.042295072876234796
subpopulation,acceptance,0.75,0.75,1.0,0.9719999999999999,,0.9345999896526337,0.09149999916553497,1.0135,0.0,0.0,0.0,0.015670212364724222,,0.027524538125509226,0.03325407198620146,0.010814085465005525
subpopulation,improvement,0.75,0.75,0.9549999999999998,0.41342061951094344,,0.41362144947052004,0.4104047030210495,1.563863533744417,0.0,0.0,0.029814239699997195,0.03690920604525373,,0.03973112818836459,0.0400037556175754,0.04841669577783617
