r_type,t_type,x1_mean,x2_mean,x3_mean,causes_mean,non-causes_mean,x1_std,x2_std,x3_std,causes_std,non-causes_std
individualized,acceptance,0.69985,0.5464,1.09175,2.338,0.0,0.20731726223887434,0.2660589742477742,0.5355200613526174,0.3305009665475864,0.0
individualized,counterfactual,0.6172223618090452,0.8048731155778894,1.7882992462311555,3.21039472361809,0.0,0.3274495273171173,0.4672218376597785,0.7842773314416039,0.35439788786753273,0.0
individualized,improvement,1.3702999999999999,1.11935,1.4243000000000001,3.91395,0.0,0.051673225390159436,0.14267641127156708,0.08953931476669276,0.23537304315584748,0.0
subpopulation,acceptance,0.6493,0.83775,1.7714000000000003,3.25845,0.0,0.3589005742851664,0.5269985373161232,0.7756768657114894,0.42351173734226855,0.0
subpopulation,improvement,1.22775,1.8540500000000002,3.3533,6.4351,0.0,0.08020849567083142,0.07002319060298681,0.057219946017295506,0.16567669319088507,0.0
