r_type,t_type,eta_mean,gamma_mean,perc_recomm_found_mean,eta_obs_mean,eta_obs_individualized_mean,eta_obs_refits_batch0_mean_mean,gamma_obs_mean,intv-cost_mean,eta_std,gamma_std,perc_recomm_found_std,eta_obs_std,eta_obs_individualized_std,eta_obs_refits_batch0_mean_std,gamma_obs_std,intv-cost_std
individualized,acceptance,0.95,0.95,1.0,1.0,,0.673,0.0085,0.3889283,1.1702778228589004e-16,1.1702778228589004e-16,0.0,0.0,,0.24827090938014554,0.008834905520465714,0.2959653116264172
individualized,counterfactual,0.95,0.95,1.0,1.0,,0.6752,0.005,10.804072382112583,1.1702778228589004e-16,1.1702778228589004e-16,0.0,0.0,,0.25091778201899784,0.003333333333333333,0.2895725619009892
individualized,improvement,0.95,0.95,0.9964999999999999,0.9884620054587658,0.9889645180215799,0.9877625079713287,0.9889645180215799,0.38797800000000005,1.1702778228589004e-16,1.1702778228589004e-16,0.006258327785172869,0.004111657673606795,0.00393455739296092,0.0036598487924251275,0.00393455739296092,0.292716896982866
subpopulation,acceptance,0.95,0.95,1.0,1.0,,0.6759000000000001,0.0095,11.1606219195243,1.1702778228589004e-16,1.1702778228589004e-16,0.0,0.0,,0.24318326422679665,0.009559753599799992,0.30712332108080365
subpopulation,improvement,0.95,0.95,0.998,0.9804546469722348,,0.9804546469722348,0.9804546469722348,0.38763655,1.1702778228589004e-16,1.1702778228589004e-16,0.003496029493900508,0.006014262533020573,,0.006014262533020573,0.006014262533020573,0.28953286182702515
