r_type,t_type,years_experience_mean,degree_mean,nr_commits_mean,nr_languages_mean,nr_stars_mean,causes_mean,non-causes_mean,years_experience_std,degree_std,nr_commits_std,nr_languages_std,nr_stars_std,causes_std,non-causes_std
individualized,acceptance,0.0,0.0,954.2676683417085,0.025,2.926037688442211,0.0,957.2187060301509,0.0,0.0,338.98863296390493,0.04636809247747852,3.109877662258871,0.0,337.16735701868623
individualized,counterfactual,0.0,0.0,940.2716281407035,0.025,2.946502512562814,0.0,943.2431306532665,0.0,0.0,315.8122520226616,0.04893306085301066,3.122787299948874,0.0,314.03181174900186
individualized,improvement,0.6202098563885416,1.6202020891258322,,,,2.240411945514374,0.0,0.04173603011207819,0.054196274354821404,,,,0.06356575419846668,0.0
subpopulation,acceptance,0.0,0.0,952.972175879397,0.024,2.9215025125628142,0.0,955.9176783919598,0.0,0.0,333.2661632681563,0.04852261786470764,3.0904279808391015,0.0,331.28767193935295
subpopulation,improvement,0.5615830922288209,1.5992313841936956,,,,2.160814476422517,0.0,0.039169956543323906,0.06086527204248084,,,,0.057914512380197826,0.0
