r_type,t_type,eta_mean,gamma_mean,perc_recomm_found_mean,eta_obs_mean,eta_obs_individualized_mean,eta_obs_refits_batch0_mean_mean,gamma_obs_mean,intv-cost_mean,eta_std,gamma_std,perc_recomm_found_std,eta_obs_std,eta_obs_individualized_std,eta_obs_refits_batch0_mean_std,gamma_obs_std,intv-cost_std
individualized,acceptance,0.75,0.75,1.0,1.0,,0.9903333385785421,0.0,0.5646666666666667,0.0,0.0,0.0,0.0,,0.006027695499519926,0.0,0.011470977871713108
individualized,counterfactual,0.75,0.75,1.0,1.0,,0.9923333525657654,0.0,0.5680000000000001,0.0,0.0,0.0,0.0,,0.004509253383554374,0.0,0.03302650450774343
individualized,improvement,0.75,0.75,0.93,0.7921146953405017,0.7903225806451614,0.7906810243924459,0.7903226017951965,1.1953405017921146,0.0,0.0,0.0,0.008212501245440566,0.005376344086021501,0.005922113220276908,0.005376338958740234,0.015209765156070872
subpopulation,acceptance,0.75,0.75,1.0,1.0,,0.9866666595141093,0.0,0.5568333333333334,0.0,0.0,0.0,0.0,,0.009018475924303451,0.0,0.014091959882618623
subpopulation,improvement,0.75,0.75,0.9500000000000001,0.638287809570917,,0.6382878025372823,0.6382878025372823,1.0531826435357579,0.0,0.0,0.013228756555322902,0.04620744226016873,,0.04620743964839171,0.04620743964839171,0.02038635286735001
