r_type,t_type,pop_density_mean,flu_shot_mean,covid_shots_mean,bmi_diff_mean,appetite_loss_mean,fatigue_mean,fever_mean,causes_mean,non-causes_mean,pop_density_std,flu_shot_std,covid_shots_std,bmi_diff_std,appetite_loss_std,fatigue_std,fever_std,causes_std,non-causes_std
individualized,acceptance,0.00033333333333333343,0.0,0.0,-0.00016666666666666666,0.5581666666666667,0.0,0.0,0.00016666666666666674,0.5581666666666667,0.002081665999466133,0.0,0.0,0.0002886751345948129,0.01187785053506457,0.0,0.0,0.0023629078131263046,0.01187785053506457
individualized,counterfactual,0.0004983249581239531,0.0,0.0,0.0003358458961474037,0.5613082077051926,0.0,0.0,0.0008341708542713569,0.5613082077051926,0.0018048673374345468,0.0,0.0,0.0007662300506547193,0.033940064673390447,0.0,0.0,0.0010404316011729338,0.033940064673390447
individualized,improvement,-0.08612653757155037,0.031692242114237,1.1205648926237162,0.0,,,,1.0661305971664028,0.0,0.005019760044610626,0.02388468994483078,0.02098602137952568,0.0,,,,0.005873564044969852,0.0
subpopulation,acceptance,0.0010025041030066158,0.0,0.0,0.0008324873525878551,0.5523985161497724,0.0,0.0,0.0018349914555944712,0.5523985161497724,0.0015088082180425716,0.0,0.0,0.0015294589422049762,0.009647911764619339,0.0,0.0,0.002475823363306405,0.009647911764619339
subpopulation,improvement,-0.0801881936066599,0.05615253188143077,1.055648282076709,0.003663022172253418,,,,1.0352756425237335,0.0,0.01984695068241203,0.0074539714902379685,0.05502005125839349,0.00069022582588606,,,,0.069377094264262,0.0
