r_type,t_type,eta_mean,gamma_mean,perc_recomm_found_mean,eta_obs_mean,eta_obs_individualized_mean,eta_obs_refits_batch0_mean_mean,gamma_obs_mean,intv-cost_mean,eta_std,gamma_std,perc_recomm_found_std,eta_obs_std,eta_obs_individualized_std,eta_obs_refits_batch0_mean_std,gamma_obs_std,intv-cost_std
individualized,acceptance,0.9,0.9,1.0,1.0,,0.671666661898295,0.25333333512147266,2.2618333333333336,0.0,0.0,0.0,0.0,,0.0640104260396291,0.020207262887493242,0.2049129896647192
individualized,counterfactual,0.9,0.9,1.0,0.9933333333333333,,0.6103333234786987,0.1983333279689153,2.4806666666666666,0.0,0.0,0.0,0.0028867513459481316,,0.07801495622740383,0.005773505789044451,0.11872271616389794
individualized,improvement,0.9,0.9,1.0,0.9916666666666667,0.9349999999999999,0.9926666617393494,0.8983333309491476,2.922166666666667,0.0,0.0,0.0,0.0028867513459481316,0.00866025403784433,0.0025166422368223178,0.017559434462574103,0.06039522608065419
subpopulation,acceptance,0.9,0.9,1.0,0.995,,0.6076666712760925,0.21499999860922495,2.535833333333333,0.0,0.0,0.0,0.0050000000000000044,,0.09121586215746187,0.024999998509884252,0.23658525595085864
subpopulation,improvement,0.9,0.9,1.0,0.9866666666666667,,0.9886666536331177,0.9049999912579855,3.7105,0.0,0.0,0.0,0.005773502691896262,,0.008504914863680052,0.010000020265594028,0.1719585705918727
