r_type,t_type,x1_mean,x2_mean,x3_mean,causes_mean,non-causes_mean,x1_std,x2_std,x3_std,causes_std,non-causes_std
individualized,acceptance,0.151,0.2113333333333333,1.8868333333333334,0.36233333333333334,1.8868333333333334,0.02428476888916179,0.12802766628089934,0.07292861806817225,0.1316266816923276,0.07292861806817225
individualized,counterfactual,-0.003338358458961474,0.028325795644891124,2.439959798994975,0.02498743718592965,2.439959798994975,0.0035111798534634944,0.04152500410710554,0.12814044420606327,0.03884553189035712,0.12814044420606327
individualized,improvement,1.7071666666666665,1.215,,2.922166666666667,0.0,0.007285830998131551,0.05802585630561608,,0.06039522608065439,0.0
subpopulation,acceptance,-0.00033082077051926293,0.04268509212730318,2.483827470686767,0.042354271356783914,2.483827470686767,0.0020241470716641135,0.05942105326613302,0.18416458146977097,0.06112276255595912,0.18416458146977097
subpopulation,improvement,1.4863333333333333,2.2241666666666666,,3.7105,0.0,0.12627780221928678,0.046325838722394624,,0.17195857059187222,0.0
