r_type,t_type,eta_mean,gamma_mean,perc_recomm_found_mean,eta_obs_mean,eta_obs_individualized_mean,eta_obs_refits_batch0_mean_mean,gamma_obs_mean,intv-cost_mean,eta_std,gamma_std,perc_recomm_found_std,eta_obs_std,eta_obs_individualized_std,eta_obs_refits_batch0_mean_std,gamma_obs_std,intv-cost_std
individualized,acceptance,0.85,0.85,1.0,1.0,,0.7056666811307272,0.24000000456968942,2.166,0.0,0.0,0.0,0.0,,0.11405409173152548,0.027838826042747917,0.15725536556823744
individualized,improvement,0.85,0.85,1.0,0.9866666666666667,0.9066666666666667,0.984666665395101,0.875,2.5175,0.0,0.0,0.0,0.00763762615825974,0.00763762615825974,0.008144498580967614,0.02598073733634761,0.10968249632461888
subpopulation,acceptance,0.85,0.85,1.0,0.9500000000000001,,0.6523333489894867,0.17333333690961203,2.2466666666666666,0.0,0.0,0.0,0.022912878474779172,,0.15528792786948992,0.03818813176680876,0.3340263213181461
subpopulation,improvement,0.85,0.85,1.0,0.9199999999999999,,0.9180000027020773,0.8233333230018616,2.5198333333333336,0.0,0.0,0.0,0.021794494717703325,,0.01997496739459199,0.01154699437171005,0.10066570087836932
