r_type,t_type,x1_mean,x2_mean,x3_mean,causes_mean,non-causes_mean,x1_std,x2_std,x3_std,causes_std,non-causes_std
individualized,acceptance,0.12369932998324958,0.12582998324958122,1.9014757118927974,0.2495293132328308,1.9014757118927974,0.006338630968339887,0.025176637960534296,0.12907925484384783,0.030355205607030547,0.12907925484384783
individualized,improvement,1.506,1.0115,,2.5175,0.0,0.031500000000000083,0.10996931390165153,,0.10968249632461861,0.0
subpopulation,acceptance,0.04304857621440536,0.053207705192629816,2.1271850921273034,0.09625628140703518,2.1271850921273034,0.022493707518788292,0.05312070286227717,0.2879567811363582,0.04623728732280084,0.2879567811363582
subpopulation,improvement,1.5524036850921272,0.9750092127303182,,2.5274128978224457,0.0,0.05424725137780484,0.041018866543619234,,0.09412393382341355,0.0
