r_type,t_type,eta_mean,gamma_mean,perc_recomm_found_mean,eta_obs_mean,eta_obs_individualized_mean,eta_obs_refits_batch0_mean_mean,gamma_obs_mean,intv-cost_mean,eta_std,gamma_std,perc_recomm_found_std,eta_obs_std,eta_obs_individualized_std,eta_obs_refits_batch0_mean_std,gamma_obs_std,intv-cost_std
individualized,acceptance,0.95,0.95,1.0,1.0,,0.7352999925613404,0.5074999868869782,2.3393,1.1702778228589004e-16,1.1702778228589004e-16,0.0,0.0,,0.10787962678005307,0.0515455518284658,0.3291023312655875
individualized,counterfactual,0.95,0.95,1.0,0.9995,,0.6714999943971633,0.46249999701976774,3.2098500000000003,1.1702778228589004e-16,1.1702778228589004e-16,0.0,0.0015811388300841912,,0.18167934820106818,0.07311520308432005,0.3546745025763451
individualized,improvement,0.95,0.95,1.0,0.9995,1.0,0.9899999737739563,0.948499995470047,3.9141500000000002,1.1702778228589004e-16,1.1702778228589004e-16,0.0,0.0015811388300841912,0.0,0.013808209803543286,0.018863538158784155,0.23558650805548642
subpopulation,acceptance,0.95,0.95,1.0,0.9995,,0.6752000004053116,0.46150000393390656,3.25945,1.1702778228589004e-16,1.1702778228589004e-16,0.0,0.0015811388300841912,,0.1812768154012603,0.06712551341126001,0.4222200222895904
subpopulation,improvement,0.95,0.95,1.0,1.0,,0.9795999944210052,0.946999990940094,6.435300000000001,1.1702778228589004e-16,1.1702778228589004e-16,0.0,0.0,,0.02727308373625916,0.009486823933156181,0.16565429195902046
