{"accuracy_pre": 0.885, "accuracy_post": 0.865, "recourse_seeking_ixs": [2473, 2046, 3993, 2733, 2748, 3800, 3574, 2058, 3383, 3940, 3696, 3517, 3062, 2074, 3120, 2542, 3075, 3159, 2515, 2634, 3082, 3449, 2003, 2189, 3290, 2844, 3592, 2813, 2214, 3552, 3098, 2192, 3472, 2451, 3193, 3416, 3848, 3858, 2840, 2350, 2740, 3216, 3336, 2498, 3294, 2884, 3997, 2934, 2356, 2822, 3595, 2142, 2972, 3996, 3317, 3908, 3558, 3782, 3218, 2669, 2856, 2386, 3145, 3673, 3506, 2286, 3150, 3182, 2678, 2675, 2947, 3010, 2851, 3460, 3860, 2129, 2383, 3454, 3338, 2252, 3335, 2381, 2987, 3463, 3726, 2888, 2071, 2938, 2929, 3797, 2300, 2096, 2333, 2935, 3903, 2007, 3913, 2443, 2700, 2550, 3501, 2589, 2758, 2701, 3767, 3817, 2952, 2892, 3674, 2279, 3686, 2397, 3682, 3114, 3432, 2066, 2051, 2554, 2107, 3594, 3824, 2332, 2834, 2148, 2992, 3608, 3136, 3232, 3073, 3488, 2776, 3492, 3580, 2535, 3736, 2472, 3157, 2028, 3071, 2863, 3253, 2217, 2358, 3252, 3887, 3791, 2120, 3173, 3664, 2026, 3259, 3356, 3769, 3268, 3319, 2565, 2446, 3177, 3085, 2919, 2720, 3189, 3140, 2509, 3936, 2898, 2649, 2765, 3761, 2587, 3712, 2072, 3889, 3327, 3461, 2431, 3553, 2361, 2287, 2479, 2378, 3366, 3137, 3297, 2744, 2903, 3765, 2543, 2719, 3060, 2650, 3802, 2682, 3185, 3536, 3523, 2510, 3441, 2990, 2282], "recourse_recommended_ixs": [2473, 2046, 3993, 2733, 2748, 3574, 3383, 3940, 3696, 3517, 3062, 2074, 3120, 2542, 3075, 3159, 2515, 2634, 3082, 3449, 2003, 3290, 2844, 3592, 2813, 2214, 3098, 2192, 3472, 2451, 3193, 3416, 3848, 3858, 2840, 2350, 2740, 3216, 3336, 2498, 3294, 2884, 3997, 2934, 2356, 2822, 3595, 2142, 2972, 3996, 3317, 3908, 3558, 3218, 2669, 2856, 3145, 3673, 3506, 3150, 2678, 2675, 2947, 3010, 2851, 3460, 3860, 2129, 2383, 3454, 2252, 3335, 2381, 2987, 3463, 3726, 2888, 2071, 2938, 2929, 3797, 2300, 2096, 2333, 2935, 3903, 2007, 3913, 2443, 2550, 3501, 2589, 2758, 2701, 3767, 3817, 2952, 2279, 3686, 3682, 3114, 3432, 2066, 2051, 2554, 2107, 3594, 3824, 2332, 2834, 2148, 2992, 3608, 3136, 3073, 3488, 2776, 3492, 3580, 2535, 3736, 2472, 3157, 2028, 3071, 2863, 3253, 2217, 2358, 3252, 3887, 2120, 3173, 3664, 2026, 3259, 3356, 3268, 3319, 2565, 2446, 3085, 2919, 2720, 3189, 3140, 2509, 3936, 2898, 2649, 2765, 3761, 2072, 3889, 3327, 3461, 2431, 3553, 2361, 2287, 2479, 2378, 3366, 3137, 3297, 2744, 3765, 2543, 3802, 2682, 3185, 3536, 3523, 2510, 3441, 2990, 2282], "perc_recomm_found": 0.885, "gamma": 0.75, "eta": 0.75, "gamma_obs": 0.41807910799980164, "gamma_obs_pre": 0.0, "eta_obs": 0.4067796610169492, "costs": [1.0, 1.0, 1.0], "lbd": 300.0, "thresh": 0.5, "r_type": "subpopulation", "t_type": "improvement", "eta_obs_individualized": NaN, "eta_obs_refits_batch0_mean": 0.41807907819747925, "model_score": 0.9525, "model_f1": 0.9624357453538948, "model_refits_batch0_scores": [0.966, 0.973, 0.9755, 0.945, 0.975], "model_refits_batch0_f1s": [0.9737654320987653, 0.9790697674418605, 0.9812188577999233, 0.957789716039908, 0.9807692307692307], "model_coef": NaN}
