r_type,t_type,eta_mean,gamma_mean,perc_recomm_found_mean,eta_obs_mean,eta_obs_individualized_mean,eta_obs_refits_batch0_mean_mean,gamma_obs_mean,intv-cost_mean,eta_std,gamma_std,perc_recomm_found_std,eta_obs_std,eta_obs_individualized_std,eta_obs_refits_batch0_mean_std,gamma_obs_std,intv-cost_std
individualized,acceptance,0.85,0.85,1.0,1.0,,0.7076999932527542,0.5030000030994415,2.29305,0.0,0.0,0.0,0.0,,0.16069988504125546,0.05563772014665078,0.30109517229237964
individualized,counterfactual,0.85,0.85,1.0,0.9984999999999999,,0.5819000080227852,0.4679999977350235,3.2683,0.0,0.0,0.0,0.002415229457698242,,0.2712745568056729,0.08031881023278152,0.3557653877362314
individualized,improvement,0.85,0.85,1.0,0.9995,1.0,0.9794000327587128,0.8745000004768372,3.8234000000000004,0.0,0.0,0.0,0.0015811388300841912,0.0,0.012518448819389906,0.024771175443121456,0.26118679990467447
subpopulation,acceptance,0.85,0.85,1.0,1.0,,0.5594999983906745,0.47400000095367434,3.35745,0.0,0.0,0.0,0.0,,0.2774712179452313,0.06445497898094261,0.34463269094307725
subpopulation,improvement,0.85,0.85,1.0,0.9984999999999999,,0.9687000036239624,0.8460000097751618,5.248,0.0,0.0,0.0,0.003374742788552768,,0.023385864503698565,0.02118700384849232,0.20377356714418748
