r_type,t_type,x1_mean,x2_mean,x3_mean,causes_mean,non-causes_mean,x1_std,x2_std,x3_std,causes_std,non-causes_std
individualized,acceptance,0.6618183417085428,0.4873992462311557,1.144527135678392,2.2937447236180906,0.0,0.21033288407819575,0.1612316252112854,0.5247923769549939,0.30266316402279875,0.0
individualized,counterfactual,0.6692,0.73045,1.86765,3.2673,0.0,0.4263943271459204,0.410238646670718,0.6470904560672591,0.35663630711910926,0.0
individualized,improvement,1.10625,1.042,1.67475,3.8229999999999995,0.0,0.054962739904209405,0.1091718828270357,0.14729283945784855,0.2608091043059828,0.0
subpopulation,acceptance,0.701,0.71885,1.9375,3.3573499999999994,0.0,0.4367392433325252,0.414205601791617,0.582941773345427,0.3446689272975507,0.0
subpopulation,improvement,1.0318999999999998,1.51825,2.69775,5.2479,0.0,0.05782723310767068,0.06917379481341826,0.09942480408161072,0.20365054491565812,0.0
