r_type,t_type,eta_mean,gamma_mean,perc_recomm_found_mean,eta_obs_mean,eta_obs_individualized_mean,eta_obs_refits_batch0_mean_mean,gamma_obs_mean,intv-cost_mean,eta_std,gamma_std,perc_recomm_found_std,eta_obs_std,eta_obs_individualized_std,eta_obs_refits_batch0_mean_std,gamma_obs_std,intv-cost_std
individualized,acceptance,0.9,0.9,1.0,1.0,,0.6242999970912934,0.24549999982118606,2.5356499999999995,0.0,0.0,0.0,0.0,,0.14052128370212746,0.028328432366332073,0.23788209614568864
individualized,counterfactual,0.9,0.9,1.0,0.9964999999999999,,0.558799996972084,0.175,3.8551499999999996,0.0,0.0,0.0,0.007835106182362113,,0.175972718709378,0.03135814744977218,0.16500775234313483
individualized,improvement,0.9,0.9,1.0,0.998,0.9490000000000001,0.9980000019073486,0.9040000021457673,2.40825,0.0,0.0,0.0,0.0034960294939005085,0.011972189997378629,0.0026666497192003044,0.02579836321222235,0.15742427632921743
subpopulation,acceptance,0.9,0.9,1.0,0.9945,,0.5575999945402146,0.17250000089406967,2.937222222222222,0.0,0.0,0.0,0.008644201653259968,,0.173720209619176,0.03787772839874342,0.08343751820640652
subpopulation,improvement,0.9,0.9,1.0,0.986,,0.9866999626159668,0.8734999895095825,2.4692,0.0,0.0,0.0,0.011254628677422766,,0.011479929167298186,0.02944392643979194,0.2689473513120696
