r_type,t_type,pop_density_mean,flu_shot_mean,covid_shots_mean,bmi_diff_mean,appetite_loss_mean,fatigue_mean,fever_mean,causes_mean,non-causes_mean,pop_density_std,flu_shot_std,covid_shots_std,bmi_diff_std,appetite_loss_std,fatigue_std,fever_std,causes_std,non-causes_std
individualized,acceptance,0.0005008375209380235,0.0,0.0033500837520938024,0.0,0.5540963149078727,0.0,0.0,0.0038509212730318252,0.5540963149078727,0.0005000021043195367,0.0,0.005802515268237445,0.0,0.007020622210110614,0.0,0.0,0.00582546308323825,0.007020622210110614
individualized,improvement,-0.0895215416767141,0.040374026945644986,1.177214014249823,0.00018939393939393942,,,,1.128255893458148,0.0,0.019428617798892503,0.009334405191145046,0.006225557341473133,0.00032803992567592374,,,,0.00905608055830882,0.0
subpopulation,acceptance,0.003813483813483814,0.0018018018018018018,0.0018018018018018018,0.0027324027324027327,0.5088941688941689,0.0,0.0,0.010149490149490152,0.5088941688941689,0.0021489834073242058,0.0031208122658898693,0.0031208122658898693,0.0005500522476225762,0.019322598364286882,0.0,0.0,0.008229441631790789,0.019322598364286882
subpopulation,improvement,-0.08482869202555443,0.04252991080532207,1.0637933298135935,0.00472326743598124,,,,1.0262178160293423,0.0,0.0024868699283539827,0.011940685119155385,0.07775249742575908,0.0017945679389839515,,,,0.08016638546409073,0.0
