r_type,t_type,eta_mean,gamma_mean,perc_recomm_found_mean,eta_obs_mean,eta_obs_individualized_mean,eta_obs_refits_batch0_mean_mean,gamma_obs_mean,intv-cost_mean,eta_std,gamma_std,perc_recomm_found_std,eta_obs_std,eta_obs_individualized_std,eta_obs_refits_batch0_mean_std,gamma_obs_std,intv-cost_std
individualized,acceptance,0.75,0.75,1.0,0.9983333333333334,,0.9933332999547323,0.0016666666294137638,0.9966505387138566,0.0,0.0,0.0,0.0028867513459481316,,0.004163335664007669,0.002886751281424208,0.06141559664078444
individualized,improvement,0.75,0.75,0.9533333333333333,0.8059061265729769,0.8233856893542758,0.8059061566988627,0.8059061169624329,0.559,0.0,0.0,0.0028867513459481316,0.01878894097307654,0.02042108548175925,0.018788987167154228,0.018788952754396522,0.012257650672131247
subpopulation,acceptance,0.75,0.75,1.0,0.8649999999999999,,0.862333357334137,0.009999999776482582,1.2500192890603472,0.0,0.0,0.0,0.013228756555322966,,0.012701714456535678,0.004999999888241291,0.060317435983496245
subpopulation,improvement,0.75,0.75,0.9516666666666665,0.5935424164385193,,0.5938860575358073,0.5935424168904623,0.4955,0.0,0.0,0.016072751268321604,0.014253848895275626,,0.014788020060513697,0.014253826912962054,0.01825513626352869
