r_type,t_type,years_experience_mean,degree_mean,nr_commits_mean,nr_languages_mean,nr_stars_mean,causes_mean,non-causes_mean,years_experience_std,degree_std,nr_commits_std,nr_languages_std,nr_stars_std,causes_std,non-causes_std
individualized,acceptance,0.0,0.0,1036.715443886097,0.015067001675041875,3.457370184254606,0.0,1040.1878810720266,0.0,0.0,184.64086783765487,0.021909783050078704,3.2392729260593502,0.0,184.47183241194108
individualized,counterfactual,0.0,0.0,1039.9397236180905,0.0016666666666666668,3.305092127303183,0.0,1043.2464824120605,0.0,0.0,141.3570923424274,0.002886751345948129,3.05611846558892,0.0,140.79293330197208
individualized,improvement,0.5916666666666667,1.3683333333333334,,,,1.96,0.0,0.08220908303425684,0.1005402075457045,,,,0.08544003745317527,0.0
subpopulation,acceptance,0.0,0.0,1028.4900168350168,0.008417508417508417,3.2922053872053874,0.0,1031.7906397306397,0.0,0.0,189.55179846952424,0.014579552252263277,3.102490111866351,0.0,189.33193365950692
subpopulation,improvement,0.5933333333333334,1.2766666666666666,,,,1.87,0.0,0.05131601439446884,0.10492060490358093,,,,0.09500000000000001,0.0
