r_type,t_type,eta_mean,gamma_mean,perc_recomm_found_mean,eta_obs_mean,eta_obs_individualized_mean,eta_obs_refits_batch0_mean_mean,gamma_obs_mean,intv-cost_mean,eta_std,gamma_std,perc_recomm_found_std,eta_obs_std,eta_obs_individualized_std,eta_obs_refits_batch0_mean_std,gamma_obs_std,intv-cost_std
individualized,acceptance,0.75,0.75,1.0,1.0,,0.9499999999999998,0.0016666666666666668,0.4486773333333334,0.0,0.0,0.0,0.0,,0.03465544690232678,0.002886751345948129,0.3224230780703102
individualized,counterfactual,0.75,0.75,1.0,1.0,,0.948,0.0016666666666666668,0.43469683333333337,0.0,0.0,0.0,0.0,,0.03482814953453597,0.002886751345948129,0.3033771471668282
individualized,improvement,0.75,0.75,1.0,0.945,0.945,0.9433333333333334,0.945,9.799999999999999,0.0,0.0,0.0,0.0180277563773199,0.0180277563773199,0.020816659994661344,0.0180277563773199,0.4272001872658764
subpopulation,acceptance,0.75,0.75,1.0,1.0,,0.9456666666666665,0.005,0.4308113333333334,0.0,0.0,0.0,0.0,,0.030369941279714933,0.005,0.3077273122467087
subpopulation,improvement,0.75,0.75,1.0,0.93,,0.93,0.9316666666666666,9.35,0.0,0.0,0.0,0.014999999999999958,,0.014999999999999958,0.015275252316519434,0.47500000000000037
