{"accuracy_pre": 0.89, "accuracy_post": 0.855, "recourse_seeking_ixs": [2272, 3931, 3579, 3445, 3236, 2938, 2677, 3963, 3958, 2458, 2397, 3994, 2539, 3843, 3787, 3220, 2065, 2453, 3075, 2704, 3031, 3875, 2600, 3124, 3312, 3570, 3612, 2948, 3608, 2802, 3978, 3332, 3088, 3279, 3069, 3155, 3380, 3573, 2479, 2231, 3914, 2257, 2319, 3066, 2026, 3883, 3230, 2994, 3671, 3387, 2170, 3754, 3602, 2493, 2819, 2806, 3691, 3359, 2409, 3796, 2528, 2131, 3835, 2483, 2568, 2172, 3036, 2890, 2462, 3458, 3761, 3654, 2084, 3881, 3109, 2581, 3044, 2805, 3345, 2428, 3189, 3846, 2504, 3020, 2115, 2381, 2730, 3738, 2265, 2980, 3295, 3712, 2417, 3969, 3264, 2928, 3677, 2110, 3461, 2656, 3755, 2738, 3584, 3081, 3043, 3028, 2882, 2422, 3693, 3529, 2927, 3486, 2307, 3090, 3792, 3495, 2434, 3737, 2051, 2799, 3689, 2595, 3576, 2527, 2978, 2829, 2262, 2680, 2748, 3223, 2523, 3930, 3531, 2833, 3058, 2967, 3616, 2289, 2222, 2044, 3457, 2445, 3634, 2288, 2116, 2433, 3399, 2771, 3340, 3775, 2692, 2405, 2526, 3225, 3027, 2291, 2832, 3046, 3509, 2103, 2536, 2608, 3156, 3091, 3601, 2315, 2687, 3609, 3443, 2860, 3774, 3587, 3100, 3757, 2579, 3826, 2027, 2408, 2138, 3592, 2303, 2513, 3277, 3180, 3287, 2035, 3687, 3910, 3192, 2810, 2233, 3641, 3292, 3302, 3314, 3943, 3625, 3833, 3993, 2636], "recourse_recommended_ixs": [2272, 3931, 3579, 3445, 3236, 2938, 2677, 3963, 3958, 2458, 2397, 2539, 3787, 3220, 2065, 2453, 3075, 2704, 3875, 2600, 3124, 3312, 3570, 3612, 2948, 3608, 2802, 3978, 3332, 3088, 3279, 3069, 3155, 3380, 3573, 2479, 3914, 2257, 2319, 3066, 2026, 3883, 3230, 3387, 2170, 3754, 3602, 2493, 2819, 2806, 3691, 3359, 2409, 3796, 2131, 3835, 2483, 2568, 3036, 2890, 2462, 3458, 3761, 3654, 3881, 2581, 2805, 3345, 2428, 3189, 3846, 2504, 3020, 2115, 2381, 3738, 2265, 2980, 3295, 3712, 2417, 3969, 3264, 2928, 3677, 2110, 3461, 2656, 3755, 3584, 3081, 3043, 3028, 2882, 2422, 3693, 3529, 2927, 3486, 3090, 3792, 3495, 2434, 3737, 2051, 2799, 3689, 3576, 2527, 2829, 2262, 2680, 2748, 3223, 2523, 3930, 3531, 2833, 3058, 2967, 3616, 2289, 2222, 2044, 3457, 2445, 3634, 2288, 2116, 2433, 3399, 2771, 3340, 2405, 2526, 3225, 3027, 2291, 3046, 3509, 2103, 2536, 2608, 3156, 3091, 3601, 2315, 3609, 3443, 2860, 3774, 3587, 3100, 3757, 2579, 3826, 2027, 2408, 2138, 3592, 2303, 2513, 3277, 3180, 3287, 2035, 3687, 3910, 3192, 2233, 3641, 3302, 3314, 3943, 3625, 3833, 3993, 2636], "perc_recomm_found": 0.89, "gamma": 0.85, "eta": 0.85, "gamma_obs": 0.9213483333587646, "gamma_obs_pre": 0.0, "eta_obs": 0.8820224719101124, "costs": [1.0, 1.0, 1.0], "lbd": 300.0, "thresh": 0.5, "r_type": "individualized", "t_type": "improvement", "eta_obs_individualized": 0.9213483146067416, "eta_obs_refits_batch0_mean": 0.8876404762268066, "model_score": 0.943, "model_f1": 0.9549763033175355, "model_refits_batch0_scores": [0.982, 0.976, 0.9715, 0.9785, 0.9785], "model_refits_batch0_f1s": [0.9860788863109048, 0.9811912225705328, 0.9775147928994083, 0.9831570701135919, 0.9832749902761572], "model_coef": NaN}
