r_type,t_type,x1_mean,x2_mean,x3_mean,causes_mean,non-causes_mean,x1_std,x2_std,x3_std,causes_std,non-causes_std
individualized,acceptance,0.6004999999999999,0.46366666666666667,1.1066666666666667,2.1708333333333334,0.0,0.23031120250652162,0.2022679740674073,0.842590697393066,0.41119044654920345,0.0
individualized,counterfactual,0.5543333333333333,0.6771666666666666,1.7586666666666666,2.990166666666667,0.0,0.4943739306773095,0.5979561717495132,1.1397592216487362,0.23558774020167758,0.0
individualized,improvement,1.3866666666666667,1.2301666666666666,1.521,4.137833333333333,0.0,0.07023947133438105,0.0437759446880741,0.13853790095132804,0.17803464082400697,0.0
subpopulation,acceptance,0.5371666666666667,0.6529999999999999,1.8100000000000003,3.000166666666667,0.0,0.4592214425887943,0.5301294653195575,1.3080413793148902,0.5986685922389229,0.0
subpopulation,improvement,1.2746666666666666,1.8518333333333334,3.375,6.5015,0.0,0.05168252444814719,0.06477911185971401,0.046526873954737265,0.05889185003037314,0.0
