r_type,t_type,eta_mean,gamma_mean,perc_recomm_found_mean,eta_obs_mean,eta_obs_individualized_mean,eta_obs_refits_batch0_mean_mean,gamma_obs_mean,intv-cost_mean,eta_std,gamma_std,perc_recomm_found_std,eta_obs_std,eta_obs_individualized_std,eta_obs_refits_batch0_mean_std,gamma_obs_std,intv-cost_std
individualized,acceptance,0.9499999999999998,0.9499999999999998,1.0,1.0,,0.8169999718666077,0.4716666638851166,2.9918333333333336,1.3597399555105182e-16,1.3597399555105182e-16,0.0,0.0,,0.05267821852635174,0.05392896531139291,0.2343236721574101
individualized,counterfactual,0.9499999999999998,0.9499999999999998,1.0,1.0,,0.7733333309491476,0.3983333309491475,6.5015,1.3597399555105182e-16,1.3597399555105182e-16,0.0,0.0,,0.11762794926456543,0.09087537660131595,0.05889185003037443
individualized,improvement,0.9499999999999998,0.9499999999999998,1.0,0.9983333333333334,1.0,0.9933333198229471,0.95333331823349,2.1765000000000003,1.3597399555105182e-16,1.3597399555105182e-16,0.0,0.0028867513459481316,0.0,0.004041441639967353,0.0028867485929275124,0.409413299735121
subpopulation,acceptance,0.9499999999999998,0.9499999999999998,1.0,0.9983333333333334,,0.7826666434605917,0.4033333361148834,4.103,1.3597399555105182e-16,1.3597399555105182e-16,0.0,0.0028867513459481316,,0.12070349412978928,0.06788470070834934,0.23688077169749402
subpopulation,improvement,0.9499999999999998,0.9499999999999998,1.0,1.0,,0.9866666595141093,0.9583333333333334,3.0025,1.3597399555105182e-16,1.3597399555105182e-16,0.0,0.0,,0.018770559847367394,0.015275270265907387,0.5984131098162874
