r_type,t_type,eta_mean,gamma_mean,perc_recomm_found_mean,eta_obs_mean,eta_obs_individualized_mean,eta_obs_refits_batch0_mean_mean,gamma_obs_mean,intv-cost_mean,eta_std,gamma_std,perc_recomm_found_std,eta_obs_std,eta_obs_individualized_std,eta_obs_refits_batch0_mean_std,gamma_obs_std,intv-cost_std
individualized,acceptance,0.75,0.75,1.0,1.0,,0.6939000010490417,0.4709999978542328,2.3737500000000002,0.0,0.0,0.0,0.0,,0.10742796514489678,0.039637244618088756,0.3559478933464528
individualized,counterfactual,0.75,0.75,1.0,0.9995,,0.592300009727478,0.43699999451637267,3.1084,0.0,0.0,0.0,0.0015811388300841912,,0.20508647375439712,0.07188725237328328,0.3469379387344851
individualized,improvement,0.75,0.75,1.0,0.9935,1.0,0.9564999759197235,0.7734999895095825,3.3850499999999997,0.0,0.0,0.0,0.009442810316143538,0.0,0.03417358578739199,0.014151955090352619,0.18315831797776605
subpopulation,acceptance,0.75,0.75,1.0,1.0,,0.5914999902248382,0.42450000047683717,3.14525,0.0,0.0,0.0,0.0,,0.21524675547448352,0.08060363133307766,0.34777748713157897
subpopulation,improvement,0.75,0.75,1.0,0.998,,0.9467999815940857,0.7340000092983245,4.61015,0.0,0.0,0.0,0.004830458915396484,,0.08157178422024236,0.03071373268082677,0.1336128424466253
