r_type,t_type,x1_mean,x2_mean,x3_mean,causes_mean,non-causes_mean,x1_std,x2_std,x3_std,causes_std,non-causes_std
individualized,acceptance,0.5760668341708544,0.4855469849246231,1.1661484924623116,2.2277623115577887,0.0,0.2578826002489667,0.3138899907917913,0.4799172422584126,0.2066037455408866,0.0
individualized,counterfactual,0.48913366834170857,0.6833894472361809,1.8633261306532662,3.0358492462311557,0.0,0.38157186215260325,0.5979389574782437,0.6316410320079799,0.4638528431494292,0.0
individualized,improvement,1.21625,1.07385,1.49295,3.7830500000000002,0.0,0.04847178446156987,0.07875279536484896,0.1769798246505328,0.2522666633632838,0.0
subpopulation,acceptance,0.4983000000000001,0.6849999999999999,1.8756,3.0589,0.0,0.3806776268124455,0.6071744212150062,0.6370035234509217,0.4312997024498547,0.0
subpopulation,improvement,1.0742,1.6393499999999999,2.9215500000000003,5.6350999999999996,0.0,0.03958268420520383,0.051476019227943044,0.08597462480936521,0.1393950820111271,0.0
