r_type,t_type,years_experience_mean,degree_mean,nr_commits_mean,nr_languages_mean,nr_stars_mean,causes_mean,non-causes_mean,years_experience_std,degree_std,nr_commits_std,nr_languages_std,nr_stars_std,causes_std,non-causes_std
individualized,acceptance,0.0,0.0,1006.6351088777219,0.0,0.0033333333333333335,0.0,1006.6384422110553,0.0,0.0,40.70752323002472,0.0,0.005773502691896258,0.0,40.703300600412724
individualized,counterfactual,0.0,0.0,976.7483333333333,0.0,0.01,0.0,976.7583333333333,0.0,0.0,5.579951463349249,0.0,0.01,0.0,5.584076318723929
individualized,improvement,0.59,1.2983333333333333,,,,1.8883333333333334,0.0,0.017320508075688787,0.017559422921421194,,,,0.02565800719723455,0.0
subpopulation,acceptance,0.0,0.0,983.8474371859296,0.0,0.0,0.0,983.8474371859296,0.0,0.0,45.873769265656804,0.0,0.0,0.0,45.873769265656804
subpopulation,improvement,0.61,1.2750000000000001,,,,1.8849999999999998,0.0,0.021794494717703387,0.07053367989832947,,,,0.0736545993132813,0.0
