r_type,t_type,eta_mean,gamma_mean,perc_recomm_found_mean,eta_obs_mean,eta_obs_individualized_mean,eta_obs_refits_batch0_mean_mean,gamma_obs_mean,intv-cost_mean,eta_std,gamma_std,perc_recomm_found_std,eta_obs_std,eta_obs_individualized_std,eta_obs_refits_batch0_mean_std,gamma_obs_std,intv-cost_std
individualized,acceptance,0.75,0.75,1.0,1.0,,0.7013333333333333,0.005,0.09867483333333332,0.0,0.0,0.0,0.0,,0.12554016621517322,0.005,0.0013307361058201288
individualized,counterfactual,0.75,0.75,1.0,1.0,,0.6960000000000001,0.0033333333333333335,9.424999999999999,0.0,0.0,0.0,0.0,,0.1505722417977497,0.005773502691896258,0.36827299656640566
individualized,improvement,0.75,0.75,1.0,0.92,0.92,0.9156666666666667,0.92,0.100831,0.0,0.0,0.0,0.010000000000000009,0.010000000000000009,0.012897028081435398,0.010000000000000009,0.003773669997495806
subpopulation,acceptance,0.75,0.75,1.0,1.0,,0.6933333333333334,0.0,9.3875,0.0,0.0,0.0,0.0,,0.13278679653238623,0.0,0.12374368670764506
subpopulation,improvement,0.75,0.75,1.0,0.9183333333333333,,0.9156666666666666,0.9183333333333333,0.09830466666666667,0.0,0.0,0.0,0.014433756729740658,,0.01342882471898916,0.014433756729740658,0.004598324187498454
