r_type,t_type,years_experience_mean,degree_mean,nr_commits_mean,nr_languages_mean,nr_stars_mean,causes_mean,non-causes_mean,years_experience_std,degree_std,nr_commits_std,nr_languages_std,nr_stars_std,causes_std,non-causes_std
individualized,acceptance,0.0,0.0,1003.6195851063828,0.0030319148936170212,2.8982765957446808,0.0,1006.5208936170213,0.0,0.0,160.76004279779914,0.005388962652019956,2.8900196787868873,0.0,160.1360514583198
individualized,counterfactual,0.0,0.0,1000.2668044692739,0.008,2.8546173184357544,0.0,1003.1294217877096,0.0,0.0,167.27326498185042,0.016020819787597222,2.8817651098760586,0.0,166.50135120510603
individualized,improvement,0.6409597989949749,1.4747386934673368,,,,2.115698492462312,0.0,0.056933479289450695,0.09664933433602609,,,,0.06890164864449656,0.0
subpopulation,acceptance,0.0,0.0,1005.9918279569893,0.004537634408602151,2.942806451612903,0.0,1008.9391720430107,0.0,0.0,162.90957267294016,0.01091891231594672,2.974791203489563,0.0,162.26288736619063
subpopulation,improvement,0.6610116017455889,1.4405291699743654,,,,2.1015407717199546,0.0,0.05693615176698702,0.07144500511647227,,,,0.05237260779029996,0.0
