r_type,t_type,eta_mean,gamma_mean,perc_recomm_found_mean,eta_obs_mean,eta_obs_individualized_mean,eta_obs_refits_batch0_mean_mean,gamma_obs_mean,intv-cost_mean,eta_std,gamma_std,perc_recomm_found_std,eta_obs_std,eta_obs_individualized_std,eta_obs_refits_batch0_mean_std,gamma_obs_std,intv-cost_std
individualized,acceptance,0.9,0.9,1.0,1.0,,0.7584,0.007000000000000001,0.38981535,0.0,0.0,0.0,0.0,,0.268335279496048,0.006324555320336759,0.28551303753789226
individualized,counterfactual,0.9,0.9,1.0,1.0,,0.7592,0.0055,0.38578625000000005,0.0,0.0,0.0,0.0,,0.2684286787129042,0.004972144630058766,0.2841229842269258
individualized,improvement,0.9,0.9,0.9984999999999999,0.9674522613065326,0.9659522613065328,0.9657517587939699,0.9654522613065326,10.578492462311557,0.0,0.0,0.002415229457698242,0.011137820616872183,0.012436610367429948,0.013063538983488669,0.011897927503686054,0.3445082432224826
subpopulation,acceptance,0.9,0.9,1.0,1.0,,0.7684,0.006500000000000001,0.39481960000000005,0.0,0.0,0.0,0.0,,0.2630826655043788,0.006258327785172863,0.2940691839830099
subpopulation,improvement,0.9,0.9,0.9955,0.9688689137375335,,0.9674653961495938,0.9683689137375335,10.507703858599772,0.0,0.0,0.004972144630058771,0.01222237024632119,,0.014214485583300854,0.013361111470870053,0.26186303895149976
