r_type,t_type,years_experience_mean,degree_mean,nr_commits_mean,nr_languages_mean,nr_stars_mean,causes_mean,non-causes_mean,years_experience_std,degree_std,nr_commits_std,nr_languages_std,nr_stars_std,causes_std,non-causes_std
individualized,acceptance,0.0,0.0,988.6466666666666,0.0,0.0,0.0,988.6466666666666,0.0,0.0,8.180730916815065,0.0,0.0,0.0,8.180730916815065
individualized,counterfactual,0.0,0.0,998.4050000000001,0.015,0.04833333333333333,0.0,998.4683333333332,0.0,0.0,42.441008176055384,0.02179449471770337,0.08371578903249573,0.0,42.396033521230905
individualized,improvement,0.5516666666666666,1.4016666666666666,,,,1.9533333333333331,0.0,0.02020725942163687,0.020816659994661344,,,,0.012583057392117883,0.0
subpopulation,acceptance,0.0,0.0,1002.156256281407,0.011700167504187606,0.01340033500837521,0.0,1002.1813567839196,0.0,0.0,18.908181854458196,0.010448646859268457,0.02321006107294978,0.0,18.917915852333074
subpopulation,improvement,0.5809212730318257,1.3305192629815745,,,,1.9114405360134004,0.0,0.028629209893624167,0.01716546309417919,,,,0.042013629098277785,0.0
