r_type,t_type,eta_mean,gamma_mean,perc_recomm_found_mean,eta_obs_mean,eta_obs_individualized_mean,eta_obs_refits_batch0_mean_mean,gamma_obs_mean,intv-cost_mean,eta_std,gamma_std,perc_recomm_found_std,eta_obs_std,eta_obs_individualized_std,eta_obs_refits_batch0_mean_std,gamma_obs_std,intv-cost_std
individualized,acceptance,0.85,0.85,1.0,1.0,,0.844,0.0016666666666666668,0.09886466666666667,0.0,0.0,0.0,0.0,,0.08172514912803776,0.002886751345948129,0.0008180730916815016
individualized,counterfactual,0.85,0.85,1.0,1.0,,0.8553333333333333,0.0033333333333333335,0.10482616666666666,0.0,0.0,0.0,0.0,,0.108214293572214,0.005773502691896258,0.007778866310930747
individualized,improvement,0.85,0.85,1.0,0.9383333333333334,0.9383333333333334,0.935,0.9383333333333334,9.766666666666666,0.0,0.0,0.0,0.02081665999466128,0.02081665999466128,0.019974984355438107,0.02081665999466128,0.06291528696058965
subpopulation,acceptance,0.85,0.85,1.0,1.0,,0.8526666666666666,0.0,0.10166566666666667,0.0,0.0,0.0,0.0,,0.11172436320397319,0.0,0.003192943482640025
subpopulation,improvement,0.85,0.85,1.0,0.9366666666666666,,0.9353333333333333,0.935,9.549999999999999,0.0,0.0,0.0,0.017559422921421187,,0.017897858344878247,0.019999999999999962,0.22220486043288917
