r_type,t_type,x1_mean,x2_mean,x3_mean,causes_mean,non-causes_mean,x1_std,x2_std,x3_std,causes_std,non-causes_std
individualized,acceptance,0.13374020100502512,0.13541005025125627,1.9167894472361808,0.26915025125628145,1.9167894472361808,0.03721270627005941,0.06009419792042471,0.13209886128884396,0.08281752366284117,0.13209886128884396
individualized,counterfactual,-0.0001620603015075375,0.01051959798994975,2.292807286432161,0.010357537688442211,2.292807286432161,0.00982705157832742,0.014716925539372571,0.1512907758657208,0.019873179213813322,0.1512907758657208
individualized,improvement,1.5119,0.93775,,2.44965,0.0,0.054710246856609114,0.12251717566665228,,0.11120777600709596,0.0
subpopulation,acceptance,-0.001217664077965586,0.01285548703111517,2.2852498553372924,0.011637822953149586,2.2852498553372924,0.006841455687412255,0.016692771883533988,0.09727009751329398,0.01957160655436065,0.09727009751329398
subpopulation,improvement,1.29167082381605,2.001252944012994,,3.292923767829044,0.0,0.06919495647492963,0.060100708970073656,,0.10870973908155306,0.0
