r_type,t_type,years_experience_mean,degree_mean,nr_commits_mean,nr_languages_mean,nr_stars_mean,causes_mean,non-causes_mean,years_experience_std,degree_std,nr_commits_std,nr_languages_std,nr_stars_std,causes_std,non-causes_std
individualized,acceptance,0.0,0.0,1174.9381144781146,0.054696969696969695,2.020976430976431,0.0,1177.013787878788,0.0,0.0,394.5968600101342,0.1793239907650726,2.8415312473997756,0.0,393.1859496094904
individualized,counterfactual,0.0,0.0,1157.1746296296296,0.03952861952861953,2.0317171717171716,0.0,1159.2458754208753,0.0,0.0,376.2840141035172,0.2036055305073805,2.6693546599471514,0.0,375.0988727326155
individualized,improvement,0.6266666666666666,1.2983333333333333,,,,1.925,0.0,0.11470977871713176,0.11729592206608598,,,,0.039999999999999813,0.0
subpopulation,acceptance,0.0,0.0,1145.54,0.045000000000000005,2.0316666666666667,0.0,1147.6166666666666,0.0,0.0,371.40953249075335,0.20130822139197396,2.5489425912196086,0.0,370.2972136113547
subpopulation,improvement,0.6059212730318259,1.3306700167504186,,,,1.9365912897822446,0.0,0.059376225728369245,0.06198427449704852,,,,0.04532333449465338,0.0
