r_type,t_type,eta_mean,gamma_mean,perc_recomm_found_mean,eta_obs_mean,eta_obs_individualized_mean,eta_obs_refits_batch0_mean_mean,gamma_obs_mean,intv-cost_mean,eta_std,gamma_std,perc_recomm_found_std,eta_obs_std,eta_obs_individualized_std,eta_obs_refits_batch0_mean_std,gamma_obs_std,intv-cost_std
individualized,acceptance,0.85,0.85,1.0,1.0,,0.8876666666666667,0.0,0.3223188333333334,0.0,0.0,0.0,0.0,,0.17118508502008375,0.0,0.2692689276078533
individualized,counterfactual,0.85,0.85,1.0,1.0,,0.8836666666666666,0.0016666666666666668,0.32047183333333334,0.0,0.0,0.0,0.0,,0.16951204480311524,0.002886751345948129,0.2559729494938544
individualized,improvement,0.85,0.85,1.0,0.9349999999999999,0.9333333333333332,0.934,0.9333333333333332,9.625,0.0,0.0,0.0,0.013228756555322902,0.014433756729740593,0.012288205727444518,0.014433756729740593,0.1999999999999993
subpopulation,acceptance,0.85,0.85,1.0,1.0,,0.8856666666666667,0.0,0.3193706666666667,0.0,0.0,0.0,0.0,,0.17814694309286744,0.0,0.24462198611650451
subpopulation,improvement,0.85,0.85,1.0,0.9400000000000001,,0.9393333333333335,0.9400000000000001,9.674999999999999,0.0,0.0,0.0,0.00866025403784433,,0.007505553499465077,0.00866025403784433,0.22220486043288917
