r_type,t_type,x1_mean,x2_mean,x3_mean,causes_mean,non-causes_mean,x1_std,x2_std,x3_std,causes_std,non-causes_std
individualized,acceptance,0.48216666666666663,0.3085,1.6506666666666667,2.441333333333333,0.0,0.37542520338055796,0.17680568429776236,0.09719353545032365,0.544492041570245,0.0
individualized,improvement,1.1203333333333332,1.1198333333333332,1.7588333333333332,3.999,0.0,0.0629768475976158,0.14581180793520573,0.1562212640242466,0.26411503175699763,0.0
subpopulation,acceptance,0.4611608040201005,0.4129530988274707,1.6390577889447233,2.513171691792295,0.0,0.37711924748019676,0.21142051636457487,0.18628870032273187,0.6121061798159597,0.0
subpopulation,improvement,1.2466666666666668,1.1285,1.9201666666666668,4.295333333333334,0.0,0.0578712651782674,0.04006557125513121,0.033437753114306926,0.030892285984260377,0.0
