r_type,t_type,eta_mean,gamma_mean,perc_recomm_found_mean,eta_obs_mean,eta_obs_individualized_mean,eta_obs_refits_batch0_mean_mean,gamma_obs_mean,intv-cost_mean,eta_std,gamma_std,perc_recomm_found_std,eta_obs_std,eta_obs_individualized_std,eta_obs_refits_batch0_mean_std,gamma_obs_std,intv-cost_std
individualized,acceptance,0.85,0.85,1.0,1.0,,0.687666674455007,0.4166666666666667,4.296666666666667,0.0,0.0,0.0,0.0,,0.20451240180634586,0.14750705549235377,0.02874601421646737
individualized,improvement,0.85,0.85,1.0,0.9883333333333333,1.0,0.9513333042462667,0.850000003973643,2.445,0.0,0.0,0.0,0.020207259421636918,0.0,0.04750089554529583,0.03000000119209783,0.5404542071258208
subpopulation,acceptance,0.85,0.85,1.0,0.9583333333333334,,0.6659999887148539,0.40166667103767395,3.9547499999999998,0.0,0.0,0.0,0.022546248764114433,,0.2442273232593496,0.13288466455696782,0.3574424778897995
subpopulation,improvement,0.85,0.85,1.0,0.9783333333333332,,0.9426666498184204,0.8799999952316284,2.5128333333333335,0.0,0.0,0.0,0.010408329997330674,,0.03370950602430297,0.017320491557565074,0.5987508524698177
