r_type,t_type,x1_mean,x2_mean,x3_mean,causes_mean,non-causes_mean,x1_std,x2_std,x3_std,causes_std,non-causes_std
individualized,acceptance,0.13815858585858587,0.1274570707070707,1.9129959595959594,0.26561565656565655,1.9129959595959594,0.028092980974664332,0.06485519500589862,0.1574676178403012,0.07265258091085874,0.1574676178403012
individualized,counterfactual,0.0031527638190954775,0.005196984924623114,2.245036934673367,0.008349748743718594,2.245036934673367,0.00706405393545552,0.016435790736199666,0.12746964073691966,0.020187416497201214,0.12746964073691966
individualized,improvement,2.09175,1.2535500000000002,,3.3453000000000004,0.0,0.04990560534092777,0.13491611591404992,,0.130161907723505,0.0
subpopulation,acceptance,0.004513387645297193,0.005488893964773362,2.295612390233998,0.010002281610070555,2.295612390233998,0.007967263460448973,0.013873600580110692,0.1693702121278859,0.018129141413915365,0.1693702121278859
subpopulation,improvement,1.73655,2.75685,,4.493399999999999,0.0,0.06824850425711425,0.06874875756453104,,0.11959696205729196,0.0
