r_type,t_type,eta_mean,gamma_mean,perc_recomm_found_mean,eta_obs_mean,eta_obs_individualized_mean,eta_obs_refits_batch0_mean_mean,gamma_obs_mean,intv-cost_mean,eta_std,gamma_std,perc_recomm_found_std,eta_obs_std,eta_obs_individualized_std,eta_obs_refits_batch0_mean_std,gamma_obs_std,intv-cost_std
individualized,acceptance,0.75,0.75,1.0,0.9984999999999999,,0.7770999848842621,0.25150000005960466,2.2244,0.0,0.0,0.0,0.003374742788552768,,0.1077553335504284,0.02698250794187059,0.1687260764934956
individualized,counterfactual,0.75,0.75,1.0,0.9875,,0.7363000035285949,0.17999999970197678,2.3972,0.0,0.0,0.0,0.0344197940467723,,0.14734317308015496,0.011785111614881449,0.18235164441874993
individualized,improvement,0.75,0.75,1.0,0.9484999999999999,0.788,0.9460000097751617,0.764000004529953,2.07575,0.0,0.0,0.0,0.022117112530044836,0.037947331922020544,0.027030842064934058,0.036802770107761396,0.1274142958140011
subpopulation,acceptance,0.75,0.75,1.0,0.9800000000000001,,0.7345000088214875,0.17899999916553497,2.3526499999999997,0.0,0.0,0.0,0.05120763831912407,,0.14126041282431193,0.03665150977189936,0.18284025359130657
subpopulation,improvement,0.75,0.75,1.0,0.8375,,0.8353999972343444,0.7204999983310699,2.75035,0.0,0.0,0.0,0.03584302194601093,,0.03720275347182112,0.03419307324461449,0.08486723291248643
