r_type,t_type,pop_density_mean,flu_shot_mean,covid_shots_mean,bmi_diff_mean,appetite_loss_mean,fatigue_mean,fever_mean,causes_mean,non-causes_mean,pop_density_std,flu_shot_std,covid_shots_std,bmi_diff_std,appetite_loss_std,fatigue_std,fever_std,causes_std,non-causes_std
individualized,acceptance,-0.00012082468520824684,0.0,0.09668179280239582,-0.00014654074996540753,0.4987354381218393,0.0,0.0,0.09641442736722217,0.4987354381218393,0.0013400943440212139,0.0,0.29868361654624503,0.001017253190692096,0.16769095243492183,0.0,0.0,0.29972204507679573,0.16769095243492183
individualized,counterfactual,-0.00025075376884422113,0.0,0.0875,-1.3516211192951067e-05,0.49827609967646447,0.0,0.0,0.08723573001996283,0.49827609967646447,0.0013184121491896512,0.0,0.2766992952647332,0.0005897019537417278,0.1726225583626398,0.0,0.0,0.2767964943227758,0.1726225583626398
individualized,improvement,-0.08427924053792994,0.02649974897658277,1.165273626901097,0.0002787333339718887,,,,1.1077728686737218,0.0,0.014035768170836807,0.014301005781683012,0.04135267419541234,0.0009605663279859644,,,,0.04751558793701681,0.0
subpopulation,acceptance,-3.5361149180244705e-05,0.0,0.09,0.000149497487437186,0.4935653951576063,0.0,0.0,0.09011413633825695,0.4935653951576063,0.002618545106428263,0.0,0.28460498941515416,0.0007095806871410136,0.16115418539372647,0.0,0.0,0.28457737363611013,0.16115418539372647
subpopulation,improvement,-0.09225769184730871,0.03342605219429971,1.0968896135983435,0.004537973172392585,,,,1.042595947117727,0.0,0.010651157482403651,0.015792278068596618,0.06556364389944884,0.004373107181593641,,,,0.0741676494063067,0.0
