r_type,t_type,years_experience_mean,degree_mean,nr_commits_mean,nr_languages_mean,nr_stars_mean,causes_mean,non-causes_mean,years_experience_std,degree_std,nr_commits_std,nr_languages_std,nr_stars_std,causes_std,non-causes_std
individualized,acceptance,0.0,0.0,961.9907249062574,0.003,3.301431025686809,0.0,965.2951559319441,0.0,0.0,167.9745240970965,0.007888106377466156,2.916359691911658,0.0,166.5411722656407
individualized,counterfactual,0.0,0.0,984.8290364777255,0.002,3.2108686958106594,0.0,988.041905173536,0.0,0.0,175.84431335179931,0.004216370213557839,2.895789951392722,0.0,174.73047836034647
individualized,improvement,0.5405292324566997,1.4001263806341353,,,,1.940655613090835,0.0,0.06900656571710022,0.06916365691552648,,,,0.04260823145692425,0.0
subpopulation,acceptance,0.0,0.0,978.2510951728339,0.004502512562814071,3.2743647784376426,0.0,981.5299624638343,0.0,0.0,182.56777278796105,0.012572128317104251,2.9784767840163333,0.0,181.52056887537609
subpopulation,improvement,0.5577462057763565,1.392213643977463,,,,1.9499598497538195,0.0,0.06296875570692598,0.0684857557940343,,,,0.04334950860915418,0.0
