r_type,t_type,eta_mean,gamma_mean,perc_recomm_found_mean,eta_obs_mean,eta_obs_individualized_mean,eta_obs_refits_batch0_mean_mean,gamma_obs_mean,intv-cost_mean,eta_std,gamma_std,perc_recomm_found_std,eta_obs_std,eta_obs_individualized_std,eta_obs_refits_batch0_mean_std,gamma_obs_std,intv-cost_std
individualized,acceptance,0.9499999999999998,0.9499999999999998,1.0,1.0,,0.9983333150545756,0.0016666666294137638,0.5630000000000001,1.3597399555105182e-16,1.3597399555105182e-16,0.0,0.0,,0.0011546512593102166,0.002886751281424208,0.013143439428094894
individualized,counterfactual,0.9499999999999998,0.9499999999999998,1.0,1.0,,0.9959999720255533,0.0,0.5578333333333334,1.3597399555105182e-16,1.3597399555105182e-16,0.0,0.0,,0.003464091428961474,0.0,0.010492060490358113
individualized,improvement,0.9499999999999998,0.9499999999999998,0.9933333333333333,0.9480303030303031,0.9480303030303031,0.9480302731196085,0.9480302929878235,2.022513468013468,1.3597399555105182e-16,1.3597399555105182e-16,0.005773502691896262,0.01128457344325177,0.01128457344325177,0.0112844938559285,0.011284562681443911,0.00890849011541512
subpopulation,acceptance,0.9499999999999998,0.9499999999999998,1.0,1.0,,0.9946666558583578,0.0016666666294137638,0.5678333333333333,1.3597399555105182e-16,1.3597399555105182e-16,0.0,0.0,,0.0023094057568935514,0.002886751281424208,0.035264476932649
subpopulation,improvement,0.9499999999999998,0.9499999999999998,0.9899999999999999,0.8972927241962775,,0.8979695439338684,0.8972927133242289,1.6856742808798648,1.3597399555105182e-16,1.3597399555105182e-16,0.008660254037844393,0.028017055158703962,,0.02696094305100067,0.028017058289011163,0.04032381494058636
