r_type,t_type,pop_density_mean,flu_shot_mean,covid_shots_mean,bmi_diff_mean,appetite_loss_mean,fatigue_mean,fever_mean,causes_mean,non-causes_mean,pop_density_std,flu_shot_std,covid_shots_std,bmi_diff_std,appetite_loss_std,fatigue_std,fever_std,causes_std,non-causes_std
individualized,acceptance,-0.00133249581239531,0.0,0.0,0.00016750418760469013,0.5581247906197655,0.0,0.0,-0.0011649916247906198,0.5581247906197655,0.0020218659210779603,0.0,0.0,0.0002901257634118723,0.014524939028262277,0.0,0.0,0.002257039991409877,0.014524939028262277
individualized,counterfactual,-0.00033501683501683497,0.0,0.0,0.00017003367003367003,0.554013468013468,0.0,0.0,-0.0001649831649831649,0.554013468013468,0.0007709316519720668,0.0,0.0,0.0007692755370384931,0.007868559362391479,0.0,0.0,0.0007659692155916528,0.007868559362391479
individualized,improvement,-0.15753054436128702,0.0767499897195493,1.7804237087753927,-0.00034722222222222224,,,,1.6992959319114327,0.0,0.005875093849670694,0.01899181012646197,0.03228966770259356,0.0006014065304058602,,,,0.014466242713628697,0.0
subpopulation,acceptance,-0.0015100840904861007,0.0,0.0,-0.0003341708542713568,0.5608589327106914,0.0,0.0,-0.0018442549447574574,0.5608589327106914,0.000874773208890757,0.0,0.0,0.0002894031757363937,0.03365613015675298,0.0,0.0,0.0007714788374577924,0.03365613015675298
subpopulation,improvement,-0.11154696236256521,0.051165936906885014,1.5378819388897778,0.0007035911291230441,,,,1.4782045045632204,0.0,0.02732115098943818,0.008236856292196258,0.03088138786306512,0.0022050757018144598,,,,0.03731743406526563,0.0
