r_type,t_type,eta_mean,gamma_mean,perc_recomm_found_mean,eta_obs_mean,eta_obs_individualized_mean,eta_obs_refits_batch0_mean_mean,gamma_obs_mean,intv-cost_mean,eta_std,gamma_std,perc_recomm_found_std,eta_obs_std,eta_obs_individualized_std,eta_obs_refits_batch0_mean_std,gamma_obs_std,intv-cost_std
individualized,acceptance,0.9,0.9,1.0,1.0,,0.6796666383743286,0.2516666700442632,2.8648333333333333,0.0,0.0,0.0,0.0,,0.12608461388095352,0.04536885778637982,0.07727278520496964
individualized,improvement,0.9,0.9,1.0,0.9983333333333334,0.9500000000000001,0.9973333477973938,0.8983333309491476,2.207,0.0,0.0,0.0,0.0028867513459481316,0.014999999999999958,0.0025166067100310207,0.03214550587422905,0.05597097462078011
subpopulation,acceptance,0.9,0.9,1.0,0.9633333333333334,,0.6110000014305115,0.2116666634877523,2.97025,0.0,0.0,0.0,0.010408329997330672,,0.15650240776842414,0.03214550278387185,0.11985459941111995
subpopulation,improvement,0.9,0.9,1.0,0.9733333333333333,,0.9750000238418579,0.8833333253860474,2.2055,0.0,0.0,0.0,0.0028867513459481316,,0.003000020980834961,0.04252452175635129,0.19444600793022213
