r_type,t_type,x1_mean,x2_mean,x3_mean,causes_mean,non-causes_mean,x1_std,x2_std,x3_std,causes_std,non-causes_std
individualized,acceptance,0.15105946398659967,0.13682663316582916,1.9086658291457288,0.2878860971524288,1.9086658291457288,0.025504813908755,0.03610961421185957,0.008402759502892732,0.05080772185374989,0.008402759502892732
individualized,improvement,1.6716666666666666,1.3066666666666666,,2.978333333333333,0.0,0.0793195015953411,0.16482895174493276,,0.08589868062626684,0.0
subpopulation,acceptance,0.03495959595959596,0.061595700595700596,2.1102685832685832,0.09655529655529656,2.1102685832685832,0.020681686831269728,0.033554330859483644,0.1666127617276434,0.03945708892873088,0.1666127617276434
subpopulation,improvement,1.742,1.1228333333333333,,2.8648333333333333,0.0,0.08536539111372957,0.01576652572170973,,0.07727278520496919,0.0
