r_type,t_type,x1_mean,x2_mean,x3_mean,x4_mean,x5_mean,causes_mean,non-causes_mean,x1_std,x2_std,x3_std,x4_std,x5_std,causes_std,non-causes_std
individualized,acceptance,0.12500761509435873,0.1267718715393134,0.18914498075319747,0.5785439711513364,0.0,0.44092446738686963,0.5785439711513364,0.13519701767415954,0.13869446687414372,0.2218475741649613,0.23458574924551878,0.0,0.23409152481491638,0.23458574924551878
individualized,counterfactual,0.02909090909090909,0.2061168461168461,0.7865537191852982,0.0,0.0,1.0217614743930532,0.0,0.06650117199682523,0.22350578966823673,0.23736961058996714,0.0,0.0,0.03618762324445976,0.0
individualized,improvement,0.5985195798090563,1.4203867321906605,0.8763108809774506,,,2.8952171929771673,0.0,0.06817962563790693,0.058565964800176756,0.08093708313234987,,,0.043757755508637634,0.0
subpopulation,acceptance,0.06013888888888889,0.10107142857142856,0.8679563492063492,0.0,0.0,1.0291666666666666,0.0,0.0872044538400839,0.12648768285024586,0.1854499536280974,0.0,0.0,0.05282773026935704,0.0
subpopulation,improvement,1.0582636251904778,0.6976533553692128,0.6242567774843751,,,2.380173758044066,0.0,0.03632274951942597,0.0724503106331184,0.060587987845963795,,,0.07673850327161881,0.0
