r_type,t_type,eta_mean,gamma_mean,perc_recomm_found_mean,eta_obs_mean,eta_obs_individualized_mean,eta_obs_refits_batch0_mean_mean,gamma_obs_mean,intv-cost_mean,eta_std,gamma_std,perc_recomm_found_std,eta_obs_std,eta_obs_individualized_std,eta_obs_refits_batch0_mean_std,gamma_obs_std,intv-cost_std
individualized,acceptance,0.9,0.9,1.0,1.0,,0.9112999975681305,0.08799999989569188,1.0174999999999998,0.0,0.0,0.0,0.0,,0.05209831012482676,0.056035701171854004,0.014385563751360048
individualized,counterfactual,0.9,0.9,1.0,0.9730000000000001,,0.9335999846458435,0.08799999989569188,2.380173758044066,0.0,0.0,0.0,0.018737959096740246,,0.03893640458697467,0.03343318458193157,0.07673850327161878
individualized,improvement,0.9,0.9,0.9359999999999999,0.8631794329787432,0.9225904508525,0.8767963826656342,0.922590458393097,1.0205,0.0,0.0,0.021186998109427577,0.05714151984195502,0.022300940092189997,0.048115545911040995,0.02230093080113834,0.020743138088962765
subpopulation,acceptance,0.9,0.9,1.0,0.975,,0.9374000072479248,0.09949999935925007,2.903663558919566,0.0,0.0,0.0,0.01715938356831165,,0.054630470097633596,0.05019129932439122,0.04860394019311451
subpopulation,improvement,0.9,0.9,0.9375,0.6068107297299277,,0.6130151629447937,0.6144616544246674,1.02,0.0,0.0,0.02616719744684594,0.04072627650250202,,0.03209865323839917,0.03350492873077854,0.016499158227686102
