r_type,t_type,pop_density_mean,flu_shot_mean,covid_shots_mean,bmi_diff_mean,appetite_loss_mean,fatigue_mean,fever_mean,causes_mean,non-causes_mean,pop_density_std,flu_shot_std,covid_shots_std,bmi_diff_std,appetite_loss_std,fatigue_std,fever_std,causes_std,non-causes_std
individualized,acceptance,-0.0003333333333333333,0.0,0.0,0.0,0.548,0.0,0.0,-0.0003333333333333333,0.548,0.0002886751345948129,0.0,0.0,0.0,0.016755596080116026,0.0,0.0,0.0002886751345948129,0.016755596080116026
individualized,improvement,-0.170956589133861,0.03386407415746338,1.28270283805862,-0.00019157088122605365,,,,1.1454187522009964,0.0,0.017905406118382858,0.011250068872542044,0.02400899857181117,0.00033181049953426767,,,,0.007921300570910535,0.0
subpopulation,acceptance,0.0017529371791283812,0.0,0.007036983771719117,0.0005217899863841142,0.5165716418281694,0.0,0.0,0.00931171093723161,0.5165716418281694,0.001083663190593802,0.0,0.0030712083588311616,0.0005181733937024207,0.02231335745946637,0.0,0.0,0.0021220585201690797,0.02231335745946637
subpopulation,improvement,-0.11811354879295431,0.03125737202170323,1.2182773714974706,0.0016526434431600745,,,,1.1330738381693795,0.0,0.02054203143837812,0.006771167934656435,0.009377877863862344,0.0029137236348535478,,,,0.019433456523170203,0.0
