r_type,t_type,eta_mean,gamma_mean,perc_recomm_found_mean,eta_obs_mean,eta_obs_individualized_mean,eta_obs_refits_batch0_mean_mean,gamma_obs_mean,intv-cost_mean,eta_std,gamma_std,perc_recomm_found_std,eta_obs_std,eta_obs_individualized_std,eta_obs_refits_batch0_mean_std,gamma_obs_std,intv-cost_std
individualized,acceptance,0.85,0.85,1.0,1.0,,0.9963333209355673,0.0,0.5486666666666667,0.0,0.0,0.0,0.0,,0.001527505565370602,0.0,0.016765540054926087
individualized,improvement,0.85,0.85,0.9716666666666667,0.8096578206780464,0.8370812621095359,0.8096578518549601,0.8096578319867452,1.4442992030719866,0.0,0.0,0.011547005383792525,0.008395169294516851,0.003978479538351975,0.00839521463676979,0.008395182704998566,0.028919226174794612
subpopulation,acceptance,0.85,0.85,1.0,0.945,,0.937333325544993,0.01999999986340602,0.5113333333333333,0.0,0.0,0.0,0.0050000000000000044,,0.009865755510452176,0.005000000353902585,0.02400694344004116
subpopulation,improvement,0.85,0.85,0.9683333333333333,0.759103775663054,,0.7604783574740092,0.7608219981193542,1.2488272094457662,0.0,0.0,0.00763762615825974,0.025022938045714017,,0.022800814139437957,0.022250419357027953,0.03470966335448332
