r_type,t_type,eta_mean,gamma_mean,perc_recomm_found_mean,eta_obs_mean,eta_obs_individualized_mean,eta_obs_refits_batch0_mean_mean,gamma_obs_mean,intv-cost_mean,eta_std,gamma_std,perc_recomm_found_std,eta_obs_std,eta_obs_individualized_std,eta_obs_refits_batch0_mean_std,gamma_obs_std,intv-cost_std
individualized,acceptance,0.75,0.75,1.0,1.0,,0.8489000000000001,0.0025,0.45995680000000005,0.0,0.0,0.0,0.0,,0.17239969708661196,0.00485912657903775,0.30880317254291073
individualized,counterfactual,0.75,0.75,1.0,1.0,,0.849,0.0025,0.45947650000000007,0.0,0.0,0.0,0.0,,0.17266087506374392,0.0035355339059327377,0.3084694089363734
individualized,improvement,0.75,0.75,0.9964999999999999,0.9181596619460942,0.924205065732704,0.9072445459621339,0.924205065732704,9.578501218212274,0.0,0.0,0.004116363011742827,0.025978335684098693,0.014862758427569624,0.02306166600080215,0.014862758427569624,0.21926731155789797
subpopulation,acceptance,0.75,0.75,1.0,1.0,,0.8371000000000001,0.0015,0.45988495,0.0,0.0,0.0,0.0,,0.17417261552838895,0.0033747427885527648,0.30964643132858
subpopulation,improvement,0.75,0.75,0.9964999999999999,0.9100757136196446,,0.9020897218049008,0.9207792571102937,9.342362456612962,0.0,0.0,0.00944281031614354,0.01870633444989244,,0.019174483828276197,0.015151944683908864,0.35337934433001283
