r_type,t_type,years_experience_mean,degree_mean,nr_commits_mean,nr_languages_mean,nr_stars_mean,causes_mean,non-causes_mean,years_experience_std,degree_std,nr_commits_std,nr_languages_std,nr_stars_std,causes_std,non-causes_std
individualized,acceptance,0.0,0.0,917.2896457286431,0.012,3.6849874371859292,0.0,920.9866331658292,0.0,0.0,78.82865175654192,0.025733678754158378,3.1362127662608845,0.0,76.9463415115162
individualized,counterfactual,0.0,0.0,923.6291111111111,0.0155,3.6764848484848485,0.0,927.3210959595959,0.0,0.0,89.29250928656533,0.03789239149662282,3.1503333681657426,0.0,87.10823086580395
individualized,improvement,0.5910636515912897,1.324636592051165,,,,1.9157002436424548,0.0,0.04803202253000026,0.04456897826382953,,,,0.04385346231157958,0.0
subpopulation,acceptance,0.0,0.0,908.0928282828283,0.0115,3.6965101010101007,0.0,911.8008383838384,0.0,0.0,87.01336901888425,0.026567524034680642,3.165198253978907,0.0,84.66511613325262
subpopulation,improvement,0.5555701963425375,1.313759078899653,,,,1.8693292752421904,0.0,0.057333398254755946,0.0725182875452264,,,,0.07053603798940981,0.0
