r_type,t_type,x1_mean,x2_mean,x3_mean,causes_mean,non-causes_mean,x1_std,x2_std,x3_std,causes_std,non-causes_std
individualized,acceptance,0.19731608040201007,0.15103793969849247,1.8676994974874372,0.34835402010050254,1.8676994974874372,0.04645691240440348,0.06520716438548244,0.1407560519109716,0.08664702058744922,0.1407560519109716
individualized,counterfactual,0.03545050251256281,0.02434572864321608,2.322080653266332,0.0597962311557789,2.322080653266332,0.029124977427880467,0.03168040565714437,0.1443939731718561,0.053719098758364656,0.1443939731718561
individualized,improvement,1.24685,0.8289,,2.07575,0.0,0.0499099466817765,0.11406133827414483,,0.12741429581400107,0.0
subpopulation,acceptance,0.035449246231155786,0.02115,2.2830866834170855,0.05659924623115579,2.2830866834170855,0.030031986810937567,0.030932767595401343,0.14682930600211824,0.04870520840335943,0.14682930600211824
subpopulation,improvement,1.1234870260392875,1.635941723770367,,2.7594287498096546,0.0,0.04012317126385975,0.08606503740903299,,0.08355338339235813,0.0
