r_type,t_type,years_experience_mean,degree_mean,nr_commits_mean,nr_languages_mean,nr_stars_mean,causes_mean,non-causes_mean,years_experience_std,degree_std,nr_commits_std,nr_languages_std,nr_stars_std,causes_std,non-causes_std
individualized,acceptance,0.0,0.0,982.2533333333334,0.0033333333333333335,0.018333333333333333,0.0,982.275,0.0,0.0,22.014882087654534,0.005773502691896258,0.027537852736430512,0.0,22.0080434159877
individualized,counterfactual,0.0,0.0,989.8912646566164,0.0016666666666666668,0.018333333333333333,0.0,989.9112646566164,0.0,0.0,33.38965915469054,0.002886751345948129,0.031754264805429415,0.0,33.37830377036876
individualized,improvement,0.7000000000000001,1.3633333333333333,,,,2.063333333333333,0.0,0.03968626966596883,0.06211548384528077,,,,0.08504900548115378,0.0
subpopulation,acceptance,0.0,0.0,973.7473181049069,0.0017174280879864634,0.013460236886632825,0.0,973.7624957698816,0.0,0.0,27.532510026870295,0.007720757672146657,0.012760222225115662,0.0,27.52810050968597
subpopulation,improvement,0.7000000000000001,1.4133333333333333,,,,2.1133333333333333,0.0,0.11357816691600552,0.11094292827095074,,,,0.09827681991870388,0.0
