r_type,t_type,eta_mean,gamma_mean,perc_recomm_found_mean,eta_obs_mean,eta_obs_individualized_mean,eta_obs_refits_batch0_mean_mean,gamma_obs_mean,intv-cost_mean,eta_std,gamma_std,perc_recomm_found_std,eta_obs_std,eta_obs_individualized_std,eta_obs_refits_batch0_mean_std,gamma_obs_std,intv-cost_std
individualized,acceptance,0.9,0.9,1.0,1.0,,0.7759999999999999,0.0,0.100092,0.0,0.0,0.0,0.0,,0.04813522618623495,0.0,0.002645187516982502
individualized,counterfactual,0.9,0.9,1.0,1.0,,0.783,0.0,0.10066949999999998,0.0,0.0,0.0,0.0,,0.04670117771534251,0.0,0.0036737928969935167
individualized,improvement,0.9,0.9,1.0,0.9583333333333334,0.9583333333333334,0.9583333333333334,0.9583333333333334,10.316666666666668,0.0,0.0,0.0,0.027537852736430536,0.027537852736430536,0.02753785273643057,0.027537852736430536,0.4252450274057689
subpopulation,acceptance,0.9,0.9,1.0,1.0,,0.7749999999999999,0.0,0.09877233333333335,0.0,0.0,0.0,0.0,,0.04557411546042335,0.0,0.0022966830611413007
subpopulation,improvement,0.9,0.9,1.0,0.9683333333333333,,0.968,0.9683333333333333,10.566666666666666,0.0,0.0,0.0,0.020816659994661344,,0.02137755832643197,0.020816659994661344,0.4913840995935192
