r_type,t_type,pop_density_mean,flu_shot_mean,covid_shots_mean,bmi_diff_mean,appetite_loss_mean,fatigue_mean,fever_mean,causes_mean,non-causes_mean,pop_density_std,flu_shot_std,covid_shots_std,bmi_diff_std,appetite_loss_std,fatigue_std,fever_std,causes_std,non-causes_std
individualized,acceptance,-0.00016666666666666666,0.0,0.0,0.0,0.4861666666666668,0.0,0.0,-0.00016666666666666666,0.4861666666666668,0.0005773502691896258,0.0,0.0,0.0,0.11287419250357159,0.0,0.0,0.0005773502691896258,0.11287419250357159
individualized,improvement,-0.2049762662405407,0.03746991305738704,1.4159613697755098,0.00036040248190682137,,,,1.2488154190742629,0.0,0.01242963760051625,0.005026423526751708,0.010061681509198197,0.0003121724176167582,,,,0.025712076749531684,0.0
subpopulation,acceptance,0.0005042215727494915,0.0,0.005033670033670033,0.00016666666666666666,0.4772583961441829,0.0,0.0,0.005704558273086192,0.4772583961441829,3.874197623480391e-06,0.0,0.005050589224887779,0.0002886751345948129,0.1270982921942335,0.0,0.0,0.005055701657325268,0.1270982921942335
subpopulation,improvement,-0.14939309455221328,0.03920189244546649,1.3468883036814494,-0.0002383071844516154,,,,1.236458794390251,0.0,0.018840266091754758,0.01752226708021068,0.031236086759518066,0.0037850523548353084,,,,0.01384113252433566,0.0
