r_type,t_type,eta_mean,gamma_mean,perc_recomm_found_mean,eta_obs_mean,eta_obs_individualized_mean,eta_obs_refits_batch0_mean_mean,gamma_obs_mean,intv-cost_mean,eta_std,gamma_std,perc_recomm_found_std,eta_obs_std,eta_obs_individualized_std,eta_obs_refits_batch0_mean_std,gamma_obs_std,intv-cost_std
individualized,acceptance,0.9,0.9,1.0,1.0,,0.9933332999547323,0.0,0.48700000000000004,0.0,0.0,0.0,0.0,,0.0035119327179118495,0.0,0.11313818983879845
individualized,improvement,0.9,0.9,0.9783333333333334,0.8995399407770542,0.9148473901051221,0.8995399475097656,0.8995399475097656,1.6554070709740814,0.0,0.0,0.010408329997330674,0.02802413863299602,0.030854108172033216,0.028024163188780163,0.028024132513318194,0.019203834983069573
subpopulation,acceptance,0.9,0.9,1.0,0.9833333333333334,,0.9759999910990397,0.004999999888241291,0.48066666666666663,0.0,0.0,0.0,0.00763762615825974,,0.012288171210883377,0.004999999888241291,0.13169314079834737
subpopulation,improvement,0.9,0.9,0.9766666666666666,0.8072583599351092,,0.8072583675384521,0.8072583675384521,1.4581026884454589,0.0,0.0,0.00763762615825974,0.020021710401033455,,0.020021722727013344,0.020021722727013344,0.020227363621882388
