r_type,t_type,years_experience_mean,degree_mean,nr_commits_mean,nr_languages_mean,nr_stars_mean,causes_mean,non-causes_mean,years_experience_std,degree_std,nr_commits_std,nr_languages_std,nr_stars_std,causes_std,non-causes_std
individualized,acceptance,0.0,0.0,1185.5133333333333,0.0016666666666666668,2.0066666666666664,0.0,1187.5216666666668,0.0,0.0,428.3592799955819,0.002886751345948129,3.312070097889435,0.0,426.7805673391577
individualized,counterfactual,0.0,0.0,1170.4417671691792,0.0,2.1687688442211055,0.0,1172.6105360134004,0.0,0.0,397.89052889120643,0.0,3.5463579625426895,0.0,396.0756741597753
individualized,improvement,0.6766666666666667,1.6083333333333334,,,,2.285,0.0,0.0425245027405769,0.04368447474027051,,,,0.07000000000000003,0.0
subpopulation,acceptance,0.0,0.0,1211.4488024296568,0.0033670033670033673,1.957668307869313,0.0,1213.409837740893,0.0,0.0,453.74246731276673,0.005831820900905312,3.325965978385959,0.0,451.911954181754
subpopulation,improvement,0.63,1.555,,,,2.185,0.0,0.020000000000000018,0.07697402159170331,,,,0.06499999999999995,0.0
