r_type,t_type,eta_mean,gamma_mean,perc_recomm_found_mean,eta_obs_mean,eta_obs_individualized_mean,eta_obs_refits_batch0_mean_mean,gamma_obs_mean,intv-cost_mean,eta_std,gamma_std,perc_recomm_found_std,eta_obs_std,eta_obs_individualized_std,eta_obs_refits_batch0_mean_std,gamma_obs_std,intv-cost_std
individualized,acceptance,0.9499999999999998,0.9499999999999998,1.0,1.0,,0.7616666666666667,0.0016666666666666668,0.3192353333333333,1.3597399555105182e-16,1.3597399555105182e-16,0.0,0.0,,0.24949215084513848,0.002886751345948129,0.3129758419552272
individualized,counterfactual,0.9499999999999998,0.9499999999999998,1.0,1.0,,0.7559999999999999,0.0016666666666666668,0.3339021666666666,1.3597399555105182e-16,1.3597399555105182e-16,0.0,0.0,,0.24293414745564285,0.002886751345948129,0.33629080993439786
individualized,improvement,0.9499999999999998,0.9499999999999998,1.0,0.9733333333333333,0.9733333333333333,0.9733333333333333,0.9733333333333333,11.424999999999999,1.3597399555105182e-16,1.3597399555105182e-16,0.0,0.01527525231651948,0.01527525231651948,0.01527525231651948,0.01527525231651948,0.34999999999999926
subpopulation,acceptance,0.9499999999999998,0.9499999999999998,1.0,1.0,,0.757,0.0033333333333333335,0.315881,1.3597399555105182e-16,1.3597399555105182e-16,0.0,0.0,,0.2326563990093545,0.005773502691896258,0.30855667010777776
subpopulation,improvement,0.9499999999999998,0.9499999999999998,1.0,0.9783333333333334,,0.9783333333333334,0.9783333333333334,10.924999999999999,1.3597399555105182e-16,1.3597399555105182e-16,0.0,0.005773502691896263,,0.005773502691896263,0.005773502691896263,0.3250000000000002
