r_type,t_type,eta_mean,gamma_mean,perc_recomm_found_mean,eta_obs_mean,eta_obs_individualized_mean,eta_obs_refits_batch0_mean_mean,gamma_obs_mean,intv-cost_mean,eta_std,gamma_std,perc_recomm_found_std,eta_obs_std,eta_obs_individualized_std,eta_obs_refits_batch0_mean_std,gamma_obs_std,intv-cost_std
individualized,acceptance,0.85,0.85,1.0,0.9995,,0.7523000180721283,0.018999999947845937,0.6426999999999999,0.0,0.0,0.0,0.0015811388300841912,,0.10949788032384315,0.03864367121991561,0.1998692906209789
individualized,counterfactual,0.85,0.85,1.0,1.0,,0.7549999833106995,0.0264999995008111,0.66395,0.0,0.0,0.0,0.0,,0.10862778228096301,0.05778552195946603,0.19815180067592394
individualized,improvement,0.85,0.85,0.9625,0.8491559865500082,0.8675600371721203,0.8598441302776336,0.8675600409507751,1.45304142341396,0.0,0.0,0.028406767581765514,0.04020754713214428,0.009151026873689553,0.014172111658945547,0.009151028927891434,0.057747989306479994
subpopulation,acceptance,0.85,0.85,1.0,1.0,,0.752400016784668,0.02500000037252903,0.6437,0.0,0.0,0.0,0.0,,0.10512446881811907,0.0530722794987432,0.19820124453023327
subpopulation,improvement,0.85,0.85,0.968,0.7191508163899143,,0.7282519280910492,0.736976557970047,1.2989077440457781,0.0,0.0,0.026267851073127384,0.04572224648206922,,0.02236765457303057,0.02239607853696453,0.03502297298641818
