r_type,t_type,x1_mean,x2_mean,x3_mean,causes_mean,non-causes_mean,x1_std,x2_std,x3_std,causes_std,non-causes_std
individualized,counterfactual,0.015666666666666666,0.004333333333333334,2.462833333333333,0.02,2.462833333333333,0.011793359713556323,0.01429452109492771,0.3292678747362599,0.0045000000000000005,0.3292678747362599
