,perc_recomm_found,gamma,eta,gamma_obs,gamma_obs_pre,eta_obs,eta_obs_individualized,costs,lbd,thresh,r_type,t_type,iteration,model_coef,eta_obs_refits_batch0_mean,intv-cost
0,1.0,0.75,0.75,0.2150000035762787,0.20999999344348907,0.965,,"[1.0, 1.0, 1.0]",300.0,0.5,individualized,counterfactual,0,"[[0.1040790384264772, -0.04908963151847292, 0.9831525644931507], [-0.5317838311237918]]",0.3999999761581421,2.248
1,1.0,0.75,0.75,0.11999999731779099,0.11500000208616257,1.0,,"[1.0, 1.0, 1.0]",300.0,0.5,individualized,counterfactual,1,"[[0.01936500042737949, 0.03873000085475898, 1.018127495157765], [-0.4789162035740381]]",0.34299999475479126,2.8720000000000003
2,1.0,0.75,0.75,0.14000000059604645,0.13500000536441803,0.95,,"[1.0, 1.0, 1.0]",300.0,0.5,individualized,counterfactual,2,"[[0.07046676384033677, -0.03807687093201129, 1.0007450137371918], [-0.4837722480130245]]",0.578000009059906,2.3755
