r_type,t_type,x1_mean,x2_mean,x3_mean,causes_mean,non-causes_mean,x1_std,x2_std,x3_std,causes_std,non-causes_std
individualized,acceptance,0.7631666666666667,0.585,1.2146666666666668,2.5628333333333333,0.0,0.10881329575623253,0.23957201422536814,0.27113849474638113,0.20197792783701238,0.0
individualized,improvement,1.2183333333333335,1.0831666666666668,1.6133333333333333,3.9148333333333336,0.0,0.06830873541014604,0.04135919889617471,0.27265790531971273,0.375463824267177,0.0
subpopulation,acceptance,0.6966683417085426,0.8923827470686767,1.5096884422110552,3.0987395309882744,0.0,0.19031778064557664,0.45254555537200986,0.15092161930822498,0.2344745649804483,0.0
subpopulation,improvement,1.2491666666666668,1.0090000000000001,1.648,3.906166666666666,0.0,0.0294377875074423,0.019078784028338926,0.20025421343881883,0.20354749650470588,0.0
