r_type,t_type,eta_mean,gamma_mean,perc_recomm_found_mean,eta_obs_mean,eta_obs_individualized_mean,eta_obs_refits_batch0_mean_mean,gamma_obs_mean,intv-cost_mean,eta_std,gamma_std,perc_recomm_found_std,eta_obs_std,eta_obs_individualized_std,eta_obs_refits_batch0_mean_std,gamma_obs_std,intv-cost_std
individualized,acceptance,0.9,0.9,1.0,1.0,,0.7179999550183614,0.5766666730244955,2.5628333333333333,0.0,0.0,0.0,0.0,,0.13259336962837537,0.05507568721922883,0.2019779278370122
individualized,improvement,0.9,0.9,1.0,1.0,1.0,0.9903332789738973,0.9033333460489908,3.915833333333333,0.0,0.0,0.0,0.0,0.0,0.01242309275804289,0.016072769934077982,0.37449376941857554
subpopulation,acceptance,0.9,0.9,1.0,0.9700000000000001,,0.687333325544993,0.5249999860922495,3.095166666666667,0.0,0.0,0.0,0.020000000000000018,,0.15172450572449134,0.05408326301535888,0.2419495470823065
subpopulation,improvement,0.9,0.9,1.0,0.9983333333333334,,0.9863333304723104,0.8950000007947286,3.906166666666667,0.0,0.0,0.0,0.0028867513459481316,,0.0070237975462066745,0.02291288914035783,0.2035474965047065
