r_type,t_type,x1_mean,x2_mean,x3_mean,causes_mean,non-causes_mean,x1_std,x2_std,x3_std,causes_std,non-causes_std
individualized,acceptance,0.31750000000000006,0.292,1.6349999999999998,2.2445,0.0,0.02771732310307037,0.11175755008052025,0.11301327355669331,0.10580051984749435,0.0
individualized,improvement,0.9946666666666667,0.9703333333333335,1.492,3.4570000000000003,0.0,0.04178915329763613,0.07335927571434536,0.09825858741097401,0.20749277095841187,0.0
subpopulation,acceptance,0.26326430976430976,0.32643602693602697,1.8318484848484848,2.4215488215488215,0.0,0.03186853492629473,0.1651069431662374,0.1068265406142797,0.20198502814583882,0.0
subpopulation,improvement,1.0632110552763818,0.9041926298157453,1.6354690117252932,3.6028726968174207,0.0,0.1248604817962677,0.07871263658354818,0.2214398698205591,0.4177558895954284,0.0
