r_type,t_type,eta_mean,gamma_mean,perc_recomm_found_mean,eta_obs_mean,eta_obs_individualized_mean,eta_obs_refits_batch0_mean_mean,gamma_obs_mean,intv-cost_mean,eta_std,gamma_std,perc_recomm_found_std,eta_obs_std,eta_obs_individualized_std,eta_obs_refits_batch0_mean_std,gamma_obs_std,intv-cost_std
individualized,acceptance,0.75,0.75,1.0,1.0,,0.6516666412353516,0.375,2.2468333333333335,0.0,0.0,0.0,0.0,,0.10464383692086764,0.05500000715255737,0.10488128209234171
individualized,improvement,0.75,0.75,1.0,0.975,1.0,0.9516666730244955,0.7883333365122477,3.4570000000000003,0.0,0.0,0.0,0.03464101615137751,0.0,0.020033295620693795,0.04856266069815532,0.20749277095841212
subpopulation,acceptance,0.75,0.75,1.0,0.8516666666666667,,0.5926666657129923,0.3616666595141093,2.4181666666666666,0.0,0.0,0.0,0.036855573979159936,,0.1144085966173705,0.03617089052556503,0.19004560856103295
subpopulation,improvement,0.75,0.75,1.0,0.9400000000000001,,0.9183332920074463,0.7516666650772095,3.5985,0.0,0.0,0.0,0.013228756555322902,,0.017925816965810693,0.02843117640127806,0.4261980173581285
