r_type,t_type,eta_mean,gamma_mean,perc_recomm_found_mean,eta_obs_mean,eta_obs_individualized_mean,eta_obs_refits_batch0_mean_mean,gamma_obs_mean,intv-cost_mean,eta_std,gamma_std,perc_recomm_found_std,eta_obs_std,eta_obs_individualized_std,eta_obs_refits_batch0_mean_std,gamma_obs_std,intv-cost_std
individualized,acceptance,0.9,0.9,1.0,1.0,,0.7074000149965286,0.4594999969005585,3.0366999999999997,0.0,0.0,0.0,0.0,,0.1186705962285076,0.10817809673771972,0.46375269990229334
individualized,counterfactual,0.9,0.9,1.0,0.9995,,0.6098000019788742,0.43549999594688416,5.6357,0.0,0.0,0.0,0.0015811388300841912,,0.19336598299189925,0.09470567510767774,0.13927036057012718
individualized,improvement,0.9,0.9,1.0,0.9974999999999999,1.0,0.9862000048160553,0.9184999883174896,2.2278,0.0,0.0,0.0,0.006346477588219929,0.0,0.011631349456257496,0.02494995596773123,0.2078045556125596
subpopulation,acceptance,0.9,0.9,1.0,0.9984999999999999,,0.6010999977588654,0.43450000286102297,3.7760000000000002,0.0,0.0,0.0,0.002415229457698242,,0.18803040006780639,0.10313018584907456,0.2662926022254468
subpopulation,improvement,0.9,0.9,1.0,0.9984999999999999,,0.9810999929904938,0.8949999988079071,3.0603,0.0,0.0,0.0,0.003374742788552768,,0.013714962358904641,0.01986062487947143,0.42942145834702866
