r_type,t_type,eta_mean,gamma_mean,perc_recomm_found_mean,eta_obs_mean,eta_obs_individualized_mean,eta_obs_refits_batch0_mean_mean,gamma_obs_mean,intv-cost_mean,eta_std,gamma_std,perc_recomm_found_std,eta_obs_std,eta_obs_individualized_std,eta_obs_refits_batch0_mean_std,gamma_obs_std,intv-cost_std
individualized,acceptance,0.9,0.9,1.0,1.0,,0.9913333455721537,0.0016666666294137638,0.5435,0.0,0.0,0.0,0.0,,0.00832666655595986,0.002886751281424208,0.021960191255997793
individualized,counterfactual,0.9,0.9,1.0,1.0,,0.99699999888738,0.0,1.4169177961588677,0.0,0.0,0.0,0.0,,0.0026456834554168716,0.0,0.04721394603790878
individualized,improvement,0.9,0.9,0.9816666666666666,0.8862542602926715,0.8862542602926715,0.8862542311350504,0.8862542708714803,0.5485000000000001,0.0,0.0,0.010408329997330674,0.016200387719200147,0.016200387719200147,0.016200413190286773,0.016200403075505215,0.03846101922726438
subpopulation,acceptance,0.9,0.9,1.0,1.0,,0.9963333209355673,0.0016666666294137638,1.6093668645215038,0.0,0.0,0.0,0.0,,0.0028867141801698065,0.002886751281424208,0.04532169361869422
subpopulation,improvement,0.9,0.9,0.9766666666666666,0.7764947519411806,,0.7764947613080343,0.7764947613080343,0.5318333333333334,0.0,0.0,0.01527525231651948,0.014100492559918434,,0.01410046873706098,0.01410046873706098,0.03016758746292675
