r_type,t_type,pop_density_mean,flu_shot_mean,covid_shots_mean,bmi_diff_mean,appetite_loss_mean,fatigue_mean,fever_mean,causes_mean,non-causes_mean,pop_density_std,flu_shot_std,covid_shots_std,bmi_diff_std,appetite_loss_std,fatigue_std,fever_std,causes_std,non-causes_std
individualized,acceptance,-0.001,0.0,0.0,-0.00016666666666666666,0.543,0.0,0.0,-0.0011666666666666668,0.543,0.001,0.0,0.0,0.0002886751345948129,0.03668446537705034,0.0,0.0,0.0012583057392117917,0.03668446537705034
individualized,counterfactual,0.0014973848836016817,0.0,0.0,2.563839606194235e-06,0.5397970806413017,0.0,0.0,0.0014999487232078763,0.5397970806413017,0.0021940510756806838,0.0,0.0,0.0005063631902498468,0.0189524109431279,0.0,0.0,0.0018098441508499078,0.0189524109431279
individualized,improvement,-0.1767334871850784,0.05687527509580401,1.415260800917457,0.0005331609063119596,,,,1.2959357497344948,0.0,0.01985893279917221,0.019125154660717,0.02185937444319797,1.53962693291816e-05,,,,0.028951353511056467,0.0
subpopulation,acceptance,0.002510930071231579,0.0,0.0,-0.000164983164983165,0.5275399302911865,0.0,0.0,0.0023459469062484138,0.5275399302911865,0.0009963083685593723,0.0,0.0,0.0007659692155916527,0.03235382293734923,0.0,0.0,0.0007729830776698484,0.03235382293734923
subpopulation,improvement,-0.1138578398276167,0.043036346044537356,1.3475892113967625,0.0013610419716247792,,,,1.278128759585308,0.0,0.005745672256948131,0.01510234000854765,0.058556964721126196,0.00389742112258619,,,,0.045717011658410335,0.0
