r_type,t_type,pop_density_mean,flu_shot_mean,covid_shots_mean,bmi_diff_mean,appetite_loss_mean,fatigue_mean,fever_mean,causes_mean,non-causes_mean,pop_density_std,flu_shot_std,covid_shots_std,bmi_diff_std,appetite_loss_std,fatigue_std,fever_std,causes_std,non-causes_std
individualized,acceptance,0.0015151515151515152,0.0,0.0,0.00016835016835016836,0.5512173662927432,0.0,0.0,0.0016835016835016834,0.5512173662927432,0.0035353535353535356,0.0,0.0,0.00029159104504526554,0.02581723649654453,0.0,0.0,0.0038241807042426086,0.02581723649654453
individualized,counterfactual,-8.375209380233917e-07,0.0,0.0,-0.00016666666666666666,0.537463986599665,0.0,0.0,-0.00016750418760469007,0.537463986599665,0.001323351195159849,0.0,0.0,0.0002886751345948129,0.0381093721104639,0.0,0.0,0.0015278000388124493,0.0381093721104639
individualized,improvement,-0.13648529091152042,0.03632270353581829,1.2928460256329108,0.00036429872495446266,,,,1.1930477369821633,0.0,0.023571857062778784,0.013522821438731581,0.024672404003619478,0.0006309839007536893,,,,0.03362625121195897,0.0
subpopulation,acceptance,0.0003265824069844171,0.0,0.0,-0.0003367003367003367,0.5338816049946703,0.0,0.0,-1.0117929715919583e-05,0.5338816049946703,0.002907152409350425,0.0,0.0,0.0005831820900905311,0.030465769512299137,0.0,0.0,0.003490333773780348,0.030465769512299137
subpopulation,improvement,-0.1210502386906115,0.03091611729938622,1.2344219645879113,0.003257053370715567,,,,1.1475448965674018,0.0,0.011460699492831166,0.005512844344223336,0.061045727424251864,0.003314682597309156,,,,0.04504324952498848,0.0
