r_type,t_type,eta_mean,gamma_mean,perc_recomm_found_mean,eta_obs_mean,eta_obs_individualized_mean,eta_obs_refits_batch0_mean_mean,gamma_obs_mean,intv-cost_mean,eta_std,gamma_std,perc_recomm_found_std,eta_obs_std,eta_obs_individualized_std,eta_obs_refits_batch0_mean_std,gamma_obs_std,intv-cost_std
individualized,acceptance,0.85,0.85,1.0,1.0,,0.9966666499773661,0.0016666666294137638,0.5559999999999999,0.0,0.0,0.0,0.0,,0.0011546856720679225,0.002886751281424208,0.026514147167125614
individualized,counterfactual,0.85,0.85,1.0,1.0,,0.9976666371027628,0.0,0.5436666666666666,0.0,0.0,0.0,0.0,,0.001527505565370602,0.0,0.03585503218982432
individualized,improvement,0.85,0.85,0.9816666666666666,0.8233796056493663,0.8233796056493663,0.8240598837534586,0.8233796159426371,1.4473755999861873,0.0,0.0,0.0028867513459481316,0.037897805359967125,0.037897805359967125,0.03827386496010547,0.03789782737801091,0.006280150779272861
subpopulation,acceptance,0.85,0.85,1.0,1.0,,0.9963333209355673,0.0016666666294137638,0.5375,0.0,0.0,0.0,0.0,,0.002081682148970267,0.002886751281424208,0.03104834939252007
subpopulation,improvement,0.85,0.85,0.9783333333333334,0.7445268775218014,,0.7445268829663595,0.7445268829663595,1.2646830665104776,0.0,0.0,0.005773502691896263,0.03935953045501722,,0.03935953505793872,0.03935953505793872,0.05798938992143815
