r_type,t_type,x1_mean,x2_mean,x3_mean,causes_mean,non-causes_mean,x1_std,x2_std,x3_std,causes_std,non-causes_std
individualized,counterfactual,0.014499999999999999,0.005833333333333334,2.3043333333333336,0.020333333333333335,2.3043333333333336,0.02861817604250837,0.01575066136177568,0.18463500029337154,0.0443687202129308,0.18463500029337154
