,perc_recomm_found,gamma,eta,gamma_obs,gamma_obs_pre,eta_obs,eta_obs_individualized,costs,lbd,thresh,r_type,t_type,iteration,model_coef,eta_obs_refits_batch0_mean,intv-cost
0,1.0,0.95,0.95,0.14000000059604645,0.14499999582767487,1.0,,"[1.0, 1.0, 1.0]",300.0,0.5,individualized,counterfactual,0,"[[0.011103207505950775, 0.0010163369104040192, 0.9584278215473515], [-0.460294231127435]]",0.8269999623298645,2.335
1,1.0,0.95,0.95,0.1850000023841858,0.18000000715255737,1.0,,"[1.0, 1.0, 1.0]",300.0,0.5,individualized,counterfactual,1,"[[0.12722829516964337, 0.05621485174305815, 0.9694526950094667], [-0.4520948260933199]]",0.7549999952316284,2.56
2,1.0,0.95,0.95,0.18000000715255737,0.18000000715255737,0.995,,"[1.0, 1.0, 1.0]",300.0,0.5,individualized,counterfactual,2,"[[-0.10722804632149573, 0.0012681549587351983, 1.0339345874121506], [-0.5652257015222457]]",0.8050000071525574,2.128
