{"accuracy_pre": 0.885, "accuracy_post": 0.875, "recourse_seeking_ixs": [2035, 2391, 2453, 2574, 2713, 3469, 2037, 2649, 2104, 3574, 2140, 2698, 2507, 3622, 2637, 3306, 3020, 2115, 2746, 2762, 3866, 3787, 2289, 3410, 3266, 3457, 3584, 2799, 3347, 2680, 3697, 3474, 2575, 2192, 2375, 2885, 3287, 3325, 3594, 2579, 3696, 3172, 2301, 3890, 2462, 2105, 3982, 2522, 2262, 2294, 2422, 3236, 2881, 3596, 2642, 3148, 2771, 2730, 2513, 3452, 3414, 3567, 3809, 3045, 3073, 2291, 2895, 3711, 2661, 2510, 2064, 3665, 3170, 2123, 3312, 2922, 2002, 2416, 3162, 3068, 3963, 3810, 2858, 3955, 2242, 2408, 2116, 2156, 3847, 2775, 2097, 3477, 2485, 2528, 3948, 3018, 2781, 3224, 3744, 3601, 2635, 2990, 3768, 3757, 3576, 3184, 2251, 2780, 2687, 2924, 3626, 3307, 2738, 3650, 2433, 3204, 2711, 3824, 2536, 3001, 3161, 3672, 3897, 2288, 3909, 2491, 2481, 2942, 2265, 2795, 3348, 2218, 2633, 3066, 3700, 2276, 3671, 2211, 2555, 2360, 2056, 3147, 3907, 2355, 2268, 3043, 3547, 3104, 2957, 3641, 3719, 2315, 2448, 3123, 2531, 2860, 3380, 3951, 3755, 3207, 3024, 3717, 3855, 3203, 2501, 3491, 3570, 3868, 2752, 3345, 3193, 2099, 2867, 2222, 2013, 3569, 3192, 2930, 3314, 2609, 2130, 3781, 3911, 3761, 3978, 2027, 2458, 2321, 2978, 3792, 3310, 2960, 3633, 2994, 2138, 3655, 2351, 3277, 2748, 2426], "recourse_recommended_ixs": [2035, 2391, 2453, 2574, 2713, 3469, 2037, 2649, 2104, 3574, 2140, 2698, 2507, 3622, 2637, 3306, 3020, 2115, 2746, 3866, 3787, 2289, 3410, 3266, 3457, 3584, 2799, 3347, 2680, 3697, 3474, 2575, 2192, 2885, 3287, 3325, 3594, 2579, 3696, 2301, 3890, 2462, 2105, 2522, 2262, 2294, 2422, 3236, 2881, 3596, 2642, 3148, 2771, 2513, 3452, 3414, 3567, 3045, 3073, 2291, 2895, 3711, 2661, 2510, 2064, 3170, 2123, 3312, 2922, 2002, 2416, 3162, 3068, 3963, 3810, 2858, 3955, 2408, 2116, 2156, 3847, 2775, 2097, 3477, 2485, 3948, 3018, 2781, 3224, 3744, 3601, 2635, 2990, 3768, 3757, 3576, 3184, 2251, 2924, 3626, 3307, 3650, 2433, 3204, 2711, 3824, 2536, 3001, 3161, 3672, 3897, 2288, 3909, 2491, 2481, 2942, 2265, 2795, 3348, 2218, 2633, 3066, 2276, 2211, 2555, 2360, 2056, 3147, 3907, 2355, 2268, 3043, 3547, 3104, 2957, 3641, 3719, 2315, 2448, 2860, 3380, 3951, 3755, 3207, 3024, 3717, 3855, 3203, 2501, 3491, 3570, 3868, 2752, 3345, 3193, 2099, 2222, 3192, 3314, 2609, 2130, 3781, 3761, 3978, 2027, 2458, 2321, 3792, 3310, 2960, 3633, 2138, 3655, 2351, 3277, 2748, 2426], "perc_recomm_found": 0.885, "gamma": 0.85, "eta": 0.85, "gamma_obs": 0.508474588394165, "gamma_obs_pre": 0.0, "eta_obs": 0.4971751412429379, "costs": [1.0, 1.0, 1.0], "lbd": 300.0, "thresh": 0.5, "r_type": "subpopulation", "t_type": "improvement", "eta_obs_individualized": NaN, "eta_obs_refits_batch0_mean": 0.505084753036499, "model_score": 0.943, "model_f1": 0.9549763033175355, "model_refits_batch0_scores": [0.982, 0.976, 0.9715, 0.9785, 0.9785], "model_refits_batch0_f1s": [0.9860788863109048, 0.9811912225705328, 0.9775147928994083, 0.9831570701135919, 0.9832749902761572], "model_coef": NaN}
