r_type,t_type,x1_mean,x2_mean,x3_mean,causes_mean,non-causes_mean,x1_std,x2_std,x3_std,causes_std,non-causes_std
individualized,acceptance,0.5216666666666666,0.502,1.4483333333333333,2.472,0.0,0.09794939169455484,0.3109288503822056,0.6450919185149766,0.3170484978674396,0.0
individualized,counterfactual,0.31883333333333336,0.7054999999999999,2.0931666666666664,3.1174999999999997,0.0,0.18625542497692074,0.6720894657707408,0.49114772048064426,0.3698773445346444,0.0
individualized,improvement,1.0418333333333332,0.9508333333333333,1.6204999999999998,3.613166666666667,0.0,0.04202479426878051,0.07086842268128535,0.17103508412018864,0.2577510103439621,0.0
subpopulation,acceptance,0.3325,0.7375000000000002,2.143333333333333,3.2133333333333334,0.0,0.18896494383879778,0.6489489579312075,0.5622589112973965,0.28587861643245244,0.0
subpopulation,improvement,0.9954999999999999,1.317,2.4358333333333335,4.748333333333334,0.0,0.06976388750635958,0.03518877661982564,0.054932534379303094,0.13654425412053506,0.0
