r_type,t_type,eta_mean,gamma_mean,perc_recomm_found_mean,eta_obs_mean,eta_obs_individualized_mean,eta_obs_refits_batch0_mean_mean,gamma_obs_mean,intv-cost_mean,eta_std,gamma_std,perc_recomm_found_std,eta_obs_std,eta_obs_individualized_std,eta_obs_refits_batch0_mean_std,gamma_obs_std,intv-cost_std
individualized,acceptance,0.75,0.75,1.0,1.0,,0.7706666787465414,0.46166666348775226,2.4730000000000003,0.0,0.0,0.0,0.0,,0.05533836058489101,0.03785938697780149,0.31570199555910333
individualized,counterfactual,0.75,0.75,1.0,0.9983333333333334,,0.7206666866938273,0.38333333532015484,3.1184999999999996,0.0,0.0,0.0,0.0028867513459481316,,0.12789188656224687,0.046457867349189434,0.3689779803728134
individualized,improvement,0.75,0.75,1.0,0.995,1.0,0.9586666623751322,0.746666669845581,3.6134999999999997,0.0,0.0,0.0,0.0050000000000000044,0.0,0.016773037634950288,0.020816640142347336,0.25831521441835376
subpopulation,acceptance,0.75,0.75,1.0,1.0,,0.7280000050862631,0.40999998648961383,3.2133333333333334,0.0,0.0,0.0,0.0,,0.11778369825516366,0.1039230353772847,0.28587861643245244
subpopulation,improvement,0.75,0.75,1.0,0.995,,0.9653333425521851,0.7183333237965902,4.748333333333334,0.0,0.0,0.0,0.008660254037844393,,0.014364314251272416,0.027537860744941293,0.13654425412053556
