r_type,t_type,eta_mean,gamma_mean,perc_recomm_found_mean,eta_obs_mean,eta_obs_individualized_mean,eta_obs_refits_batch0_mean_mean,gamma_obs_mean,intv-cost_mean,eta_std,gamma_std,perc_recomm_found_std,eta_obs_std,eta_obs_individualized_std,eta_obs_refits_batch0_mean_std,gamma_obs_std,intv-cost_std
individualized,acceptance,0.9499999999999998,0.9499999999999998,1.0,1.0,,0.6819999913374583,0.27166666587193805,2.6810000000000005,1.3597399555105182e-16,1.3597399555105182e-16,0.0,0.0,,0.21139534625278736,0.0583809389671098,0.14658871034291832
individualized,counterfactual,0.9499999999999998,0.9499999999999998,1.0,0.9916666666666667,,0.6153333385785421,0.18000000218550363,4.503333333333334,1.3597399555105182e-16,1.3597399555105182e-16,0.0,0.014433756729740658,,0.2521593336612625,0.03499999748809011,0.09881337628749065
individualized,improvement,0.9499999999999998,0.9499999999999998,1.0,1.0,0.965,1.0,0.9449999928474426,2.395166666666667,1.3597399555105182e-16,1.3597399555105182e-16,0.0,0.0,0.020000000000000018,0.0,0.017320491557565074,0.108522271139768
subpopulation,acceptance,0.9499999999999998,0.9499999999999998,1.0,0.9933333333333333,,0.6216666797796885,0.17000000178813934,3.4442500000000003,1.3597399555105182e-16,1.3597399555105182e-16,0.0,0.011547005383792525,,0.2509608573738116,0.022912871256005468,0.09793428919433687
subpopulation,improvement,0.9499999999999998,0.9499999999999998,1.0,1.0,,1.0,0.9449999928474426,2.769666666666667,1.3597399555105182e-16,1.3597399555105182e-16,0.0,0.0,,0.0,0.008660245778782537,0.1651577528708033
