r_type,t_type,x1_mean,x2_mean,x3_mean,causes_mean,non-causes_mean,x1_std,x2_std,x3_std,causes_std,non-causes_std
individualized,acceptance,0.19833333333333333,0.28783333333333333,1.9029999999999998,0.48616666666666664,1.9029999999999998,0.029901226284775224,0.07394310876162383,0.18738463117342372,0.08248383680051097,0.18738463117342372
individualized,counterfactual,0.03983333333333333,0.08616666666666667,2.5453333333333332,0.126,2.5453333333333332,0.038846921799974496,0.05352880844305553,0.1001203442529707,0.09010410645470049,0.1001203442529707
individualized,improvement,2.109833333333333,1.3666666666666665,,3.4764999999999997,0.0,0.06336468522239613,0.04750087718488268,,0.088970500729174,0.0
subpopulation,acceptance,0.037755443886097154,0.09875628140703517,2.6254958123953096,0.13651172529313232,2.6254958123953096,0.036557362180704524,0.05783999160112727,0.11097120389005923,0.0808839460214775,0.11097120389005923
subpopulation,improvement,1.7381666666666666,2.7648333333333333,,4.503,0.0,0.07937621390147906,0.0599423333991372,,0.0985608948823012,0.0
