r_type,t_type,eta_mean,gamma_mean,perc_recomm_found_mean,eta_obs_mean,eta_obs_individualized_mean,eta_obs_refits_batch0_mean_mean,gamma_obs_mean,intv-cost_mean,eta_std,gamma_std,perc_recomm_found_std,eta_obs_std,eta_obs_individualized_std,eta_obs_refits_batch0_mean_std,gamma_obs_std,intv-cost_std
individualized,acceptance,0.75,0.75,1.0,0.9914999999999999,,0.665200001001358,0.04149999879300594,0.6328,0.0,0.0,0.0,0.025171633064048713,,0.18245230840675689,0.11030386985909986,0.1558967250742904
individualized,counterfactual,0.75,0.75,1.0,1.0,,0.6474000185728073,0.010500000324100256,0.62965,0.0,0.0,0.0,0.0,,0.20859062857757094,0.02813163614565002,0.1542620515731447
individualized,improvement,0.75,0.75,0.9564999999999999,0.7773047728649245,0.7881743380823159,0.7757119119167328,0.7881743371486664,1.248364144098952,0.0,0.0,0.019443650777453157,0.05678793945232689,0.033485969094001346,0.0367520158444991,0.03348597468585707,0.045197974217584605
subpopulation,acceptance,0.75,0.75,1.0,1.0,,0.6436999946832657,0.015999999921768905,0.6162,0.0,0.0,0.0,0.0,,0.20615369824597607,0.038787168559546135,0.1525168843112132
subpopulation,improvement,0.75,0.75,0.95,0.5809948934085095,,0.584782600402832,0.5917884647846222,1.05434621833385,0.0,0.0,0.01666666666666665,0.04814049857121467,,0.03714213081715833,0.034366699330594434,0.050576758615858516
