,perc_recomm_found,gamma,eta,gamma_obs,gamma_obs_pre,eta_obs,eta_obs_individualized,costs,lbd,thresh,r_type,t_type,iteration,model_coef,eta_obs_refits_batch0_mean,intv-cost
0,1.0,0.75,0.75,0.3100000023841858,0.13500000536441803,1.0,,"[1.0, 1.0, 1.0]",300.0,0.5,individualized,counterfactual,0,"[[0.47240004894683163, 0.4846443466157708, 1.3707981320171478], [-0.048133248062692945]]",0.7419999837875366,2.3345
1,1.0,0.75,0.75,0.27000001072883606,0.054999999701976776,0.995,,"[1.0, 1.0, 1.0]",300.0,0.5,individualized,counterfactual,1,"[[0.3222230694077308, 0.6444461388154616, 1.4566360865581454], [0.02928450966782543]]",0.4790000021457672,3.4654999999999996
2,1.0,0.75,0.75,0.550000011920929,0.10499999672174454,1.0,,"[1.0, 1.0, 1.0]",300.0,0.5,individualized,counterfactual,2,"[[1.2734137822476146, 0.8978570435967437, 1.0287852492436986], [-0.031482481084916566]]",0.6079999804496765,3.3955
